Workbook

Sheet Original Data
A1: Empresa | B1: BLOOOMBERG TICKER | C1: ISiN Code | D1: Moeda Antiga | E1: Glassdoor | H1: Comparably | M1: Google Finance | R1: Pacto Global
E2: Geral | F2: Cultura e valores | G2: Alta liderança | H2: Culture Score | I2: eNPS | J2: CEO | K2: Managers | L2: Preço Ação Primeira Abertura [EUR] | M2: Ano do Preço Ação Primeira Abertura | N2: Valor da ação há 5 anos [EUR] | O2: Preço Ação Último Fechamento [EUR] | P2: Receita 2021 [EUR] | Q2: EBTIDA 2021 [EUR] | R2: Faz parte do Pacto? Sim ou Não | S2: Quantos engagements faz parte?
A4: BMW AG | B4: BMW GY Equity | C4: DE0005190003 | D4: Euro | E4: 4.2 | F4: 3.9 | G4: 3.7 | H4: 4.5 | I4: 31 | J4: 78 | K4: 76 | L4: =IFERROR(__xludf.DUMMYFUNCTION("IF($D4=""Euro"",'Data in Local Currency'!E4, IF($D4=""Dolar"",'Data in Local Currency'!E4*GOOGLEFINANCE(""Currency:USDEUR""), IF($D4=""Franco Suíço"",'Data in Local Currency'!E4*GOOGLEFINANCE(""Currency:CHFEUR""), IF($D4=""Libra Esterlina"", 'Data in Loca"&"l Currency'!E4*GOOGLEFINANCE(""Currency:GBPEUR""), IF($D4=""Iene"",'Data in Local Currency'!E4*GOOGLEFINANCE(""Currency:JPYEUR""), IF($D4=""HKD"",'Data in Local Currency'!E4*GOOGLEFINANCE(""Currency:HKDEUR""), IF($D4=""KRW"",'Data in Local Currency'!E4*GO"&"OGLEFINANCE(""Currency:KRWEUR""),"""")))))))"),14.1) -> 14.1 | M4: ='Data in Local Currency'!F4 -> 1996 | N4: =IFERROR(__xludf.DUMMYFUNCTION("IF($D4=""Euro"",'Data in Local Currency'!G4, IF($D4=""Dolar"",'Data in Local Currency'!G4*GOOGLEFINANCE(""Currency:USDEUR""), IF($D4=""Franco Suíço"",'Data in Local Currency'!G4*GOOGLEFINANCE(""Currency:CHFEUR""), IF($D4=""Libra Esterlina"", 'Data in Loca"&"l Currency'!G4*GOOGLEFINANCE(""Currency:GBPEUR""), IF($D4=""Iene"",'Data in Local Currency'!G4*GOOGLEFINANCE(""Currency:JPYEUR""), IF($D4=""HKD"",'Data in Local Currency'!G4*GOOGLEFINANCE(""Currency:HKDEUR""), IF($D4=""KRW"",'Data in Local Currency'!G4*GO"&"OGLEFINANCE(""Currency:KRWEUR""),"""")))))))"),7.9) -> 7.9 | O4: 76.67 | P4: 111.24 | Q4: 19.94 | R4: Sim | S4: 3
A5: WALT DISNEY CO | B5: DIS US Equity | C5: US2546871060 | D5: Dolar | E5: 4 | F5: 4 | G5: 3.5 | H5: 4 | I5: 19 | J5: 68 | K5: 71 | L5: =IFERROR(__xludf.DUMMYFUNCTION("IF($D5=""Euro"",'Data in Local Currency'!E5, IF($D5=""Dolar"",'Data in Local Currency'!E5*GOOGLEFINANCE(""Currency:USDEUR""), IF($D5=""Franco Suíço"",'Data in Local Currency'!E5*GOOGLEFINANCE(""Currency:CHFEUR""), IF($D5=""Libra Esterlina"", 'Data in Loca"&"l Currency'!E5*GOOGLEFINANCE(""Currency:GBPEUR""), IF($D5=""Iene"",'Data in Local Currency'!E5*GOOGLEFINANCE(""Currency:JPYEUR""), IF($D5=""HKD"",'Data in Local Currency'!E5*GOOGLEFINANCE(""Currency:HKDEUR""), IF($D5=""KRW"",'Data in Local Currency'!E5*GO"&"OGLEFINANCE(""Currency:KRWEUR""),"""")))))))"),1.0945619999999998) -> 1.094562 | M5: ='Data in Local Currency'!F5 -> 1982 | N5: =IFERROR(__xludf.DUMMYFUNCTION("IF($D5=""Euro"",'Data in Local Currency'!G5, IF($D5=""Dolar"",'Data in Local Currency'!G5*GOOGLEFINANCE(""Currency:USDEUR""), IF($D5=""Franco Suíço"",'Data in Local Currency'!G5*GOOGLEFINANCE(""Currency:CHFEUR""), IF($D5=""Libra Esterlina"", 'Data in Loca"&"l Currency'!G5*GOOGLEFINANCE(""Currency:GBPEUR""), IF($D5=""Iene"",'Data in Local Currency'!G5*GOOGLEFINANCE(""Currency:JPYEUR""), IF($D5=""HKD"",'Data in Local Currency'!G5*GOOGLEFINANCE(""Currency:HKDEUR""), IF($D5=""KRW"",'Data in Local Currency'!G5*GO"&"OGLEFINANCE(""Currency:KRWEUR""),"""")))))))"),104.296122) -> 104.29612 | O5: 125.05 | P5: 61.37 | Q5: 8.06 | R5: Não
A6: ACCENTURE PLCA | B6: ACN US Equity | C6: IE00B4BNMY34 | D6: Dolar | E6: 4.2 | F6: 4.4 | G6: 3.9 | H6: 4.7 | I6: 36 | J6: 85 | K6: 79 | L6: =IFERROR(__xludf.DUMMYFUNCTION("IF($D6=""Euro"",'Data in Local Currency'!E6, IF($D6=""Dolar"",'Data in Local Currency'!E6*GOOGLEFINANCE(""Currency:USDEUR""), IF($D6=""Franco Suíço"",'Data in Local Currency'!E6*GOOGLEFINANCE(""Currency:CHFEUR""), IF($D6=""Libra Esterlina"", 'Data in Loca"&"l Currency'!E6*GOOGLEFINANCE(""Currency:GBPEUR""), IF($D6=""Iene"",'Data in Local Currency'!E6*GOOGLEFINANCE(""Currency:JPYEUR""), IF($D6=""HKD"",'Data in Local Currency'!E6*GOOGLEFINANCE(""Currency:HKDEUR""), IF($D6=""KRW"",'Data in Local Currency'!E6*GO"&"OGLEFINANCE(""Currency:KRWEUR""),"""")))))))"),16.841537999999996) -> 16.841538 | M6: ='Data in Local Currency'!F6 -> 1998 | N6: =IFERROR(__xludf.DUMMYFUNCTION("IF($D6=""Euro"",'Data in Local Currency'!G6, IF($D6=""Dolar"",'Data in Local Currency'!G6*GOOGLEFINANCE(""Currency:USDEUR""), IF($D6=""Franco Suíço"",'Data in Local Currency'!G6*GOOGLEFINANCE(""Currency:CHFEUR""), IF($D6=""Libra Esterlina"", 'Data in Loca"&"l Currency'!G6*GOOGLEFINANCE(""Currency:GBPEUR""), IF($D6=""Iene"",'Data in Local Currency'!G6*GOOGLEFINANCE(""Currency:JPYEUR""), IF($D6=""HKD"",'Data in Local Currency'!G6*GOOGLEFINANCE(""Currency:HKDEUR""), IF($D6=""KRW"",'Data in Local Currency'!G6*GO"&"OGLEFINANCE(""Currency:KRWEUR""),"""")))))))"),110.26562399999999) -> 110.26562 | O6: 292.78 | P6: 46.02 | Q6: 8.76 | R6: Não
A7: MCDONALDS CORP | B7: MCD US Equity | C7: US5801351017 | D7: Dolar | E7: 3.5 | F7: 3.2 | G7: 3.2 | H7: 3.3 | I7: 13 | J7: 65 | K7: 64 | L7: =IFERROR(__xludf.DUMMYFUNCTION("IF($D7=""Euro"",'Data in Local Currency'!E7, IF($D7=""Dolar"",'Data in Local Currency'!E7*GOOGLEFINANCE(""Currency:USDEUR""), IF($D7=""Franco Suíço"",'Data in Local Currency'!E7*GOOGLEFINANCE(""Currency:CHFEUR""), IF($D7=""Libra Esterlina"", 'Data in Loca"&"l Currency'!E7*GOOGLEFINANCE(""Currency:GBPEUR""), IF($D7=""Iene"",'Data in Local Currency'!E7*GOOGLEFINANCE(""Currency:JPYEUR""), IF($D7=""HKD"",'Data in Local Currency'!E7*GOOGLEFINANCE(""Currency:HKDEUR""), IF($D7=""KRW"",'Data in Local Currency'!E7*GO"&"OGLEFINANCE(""Currency:KRWEUR""),"""")))))))"),0.745038) -> 0.745038 | M7: ='Data in Local Currency'!F7 -> 1982 | N7: =IFERROR(__xludf.DUMMYFUNCTION("IF($D7=""Euro"",'Data in Local Currency'!G7, IF($D7=""Dolar"",'Data in Local Currency'!G7*GOOGLEFINANCE(""Currency:USDEUR""), IF($D7=""Franco Suíço"",'Data in Local Currency'!G7*GOOGLEFINANCE(""Currency:CHFEUR""), IF($D7=""Libra Esterlina"", 'Data in Loca"&"l Currency'!G7*GOOGLEFINANCE(""Currency:GBPEUR""), IF($D7=""Iene"",'Data in Local Currency'!G7*GOOGLEFINANCE(""Currency:JPYEUR""), IF($D7=""HKD"",'Data in Local Currency'!G7*GOOGLEFINANCE(""Currency:HKDEUR""), IF($D7=""KRW"",'Data in Local Currency'!G7*GO"&"OGLEFINANCE(""Currency:KRWEUR""),"""")))))))"),119.21527800000001) -> 119.21528 | O7: 212.28 | P7: 21.15 | Q7: 10.6 | R7: Não
A8: HYUNDAI MOTOGDR | B8: HYUD LI Equity | C8: USY384721251 | D8: Dolar | E8: 3.8 | F8: 3.4 | G8: 3.2 | H8: N/A | I8: N/A | J8: N/A | K8: N/A | L8: =IFERROR(__xludf.DUMMYFUNCTION("IF($D8=""Euro"",'Data in Local Currency'!E8, IF($D8=""Dolar"",'Data in Local Currency'!E8*GOOGLEFINANCE(""Currency:USDEUR""), IF($D8=""Franco Suíço"",'Data in Local Currency'!E8*GOOGLEFINANCE(""Currency:CHFEUR""), IF($D8=""Libra Esterlina"", 'Data in Loca"&"l Currency'!E8*GOOGLEFINANCE(""Currency:GBPEUR""), IF($D8=""Iene"",'Data in Local Currency'!E8*GOOGLEFINANCE(""Currency:JPYEUR""), IF($D8=""HKD"",'Data in Local Currency'!E8*GOOGLEFINANCE(""Currency:HKDEUR""), IF($D8=""KRW"",'Data in Local Currency'!E8*GO"&"OGLEFINANCE(""Currency:KRWEUR""),"""")))))))"),2.94336) -> 2.94336 | M8: ='Data in Local Currency'!F8 -> 2001 | N8: =IFERROR(__xludf.DUMMYFUNCTION("IF($D8=""Euro"",'Data in Local Currency'!G8, IF($D8=""Dolar"",'Data in Local Currency'!G8*GOOGLEFINANCE(""Currency:USDEUR""), IF($D8=""Franco Suíço"",'Data in Local Currency'!G8*GOOGLEFINANCE(""Currency:CHFEUR""), IF($D8=""Libra Esterlina"", 'Data in Loca"&"l Currency'!G8*GOOGLEFINANCE(""Currency:GBPEUR""), IF($D8=""Iene"",'Data in Local Currency'!G8*GOOGLEFINANCE(""Currency:JPYEUR""), IF($D8=""HKD"",'Data in Local Currency'!G8*GOOGLEFINANCE(""Currency:HKDEUR""), IF($D8=""KRW"",'Data in Local Currency'!G8*GO"&"OGLEFINANCE(""Currency:KRWEUR""),"""")))))))"),37.02195) -> 37.02195 | O8: 30.7609 | P8: 87.39 | Q8: 8.5 | R8: Sim | S8: 0
A9: CATERPILLAR INC | B9: CAT US Equity | C9: US1491231015 | D9: Dolar | E9: 4 | F9: 3.9 | G9: 3.5 | H9: 2.9 | I9: 4 | J9: 61 | K9: 64 | L9: =IFERROR(__xludf.DUMMYFUNCTION("IF($D9=""Euro"",'Data in Local Currency'!E9, IF($D9=""Dolar"",'Data in Local Currency'!E9*GOOGLEFINANCE(""Currency:USDEUR""), IF($D9=""Franco Suíço"",'Data in Local Currency'!E9*GOOGLEFINANCE(""Currency:CHFEUR""), IF($D9=""Libra Esterlina"", 'Data in Loca"&"l Currency'!E9*GOOGLEFINANCE(""Currency:GBPEUR""), IF($D9=""Iene"",'Data in Local Currency'!E9*GOOGLEFINANCE(""Currency:JPYEUR""), IF($D9=""HKD"",'Data in Local Currency'!E9*GOOGLEFINANCE(""Currency:HKDEUR""), IF($D9=""KRW"",'Data in Local Currency'!E9*GO"&"OGLEFINANCE(""Currency:KRWEUR""),"""")))))))"),5.546394) -> 5.546394 | M9: ='Data in Local Currency'!F9 -> 1982 | N9: =IFERROR(__xludf.DUMMYFUNCTION("IF($D9=""Euro"",'Data in Local Currency'!G9, IF($D9=""Dolar"",'Data in Local Currency'!G9*GOOGLEFINANCE(""Currency:USDEUR""), IF($D9=""Franco Suíço"",'Data in Local Currency'!G9*GOOGLEFINANCE(""Currency:CHFEUR""), IF($D9=""Libra Esterlina"", 'Data in Loca"&"l Currency'!G9*GOOGLEFINANCE(""Currency:GBPEUR""), IF($D9=""Iene"",'Data in Local Currency'!G9*GOOGLEFINANCE(""Currency:JPYEUR""), IF($D9=""HKD"",'Data in Local Currency'!G9*GOOGLEFINANCE(""Currency:HKDEUR""), IF($D9=""KRW"",'Data in Local Currency'!G9*GO"&"OGLEFINANCE(""Currency:KRWEUR""),"""")))))))"),85.320648) -> 85.320648 | O9: 201.77 | P9: 46.43 | Q9: 8.49 | R9: Não
A10: ALIBABA GRPADR | B10: BABA US Equity | C10: US01609W1027 | D10: Dolar | E10: 4 | F10: 3.6 | G10: 3.6 | H10: 4.3 | I10: 33 | J10: 80 | K10: 57 | L10: =IFERROR(__xludf.DUMMYFUNCTION("IF($D10=""Euro"",'Data in Local Currency'!E10, IF($D10=""Dolar"",'Data in Local Currency'!E10*GOOGLEFINANCE(""Currency:USDEUR""), IF($D10=""Franco Suíço"",'Data in Local Currency'!E10*GOOGLEFINANCE(""Currency:CHFEUR""), IF($D10=""Libra Esterlina"", 'Data "&"in Local Currency'!E10*GOOGLEFINANCE(""Currency:GBPEUR""), IF($D10=""Iene"",'Data in Local Currency'!E10*GOOGLEFINANCE(""Currency:JPYEUR""), IF($D10=""HKD"",'Data in Local Currency'!E10*GOOGLEFINANCE(""Currency:HKDEUR""), IF($D10=""KRW"",'Data in Local Cu"&"rrency'!E10*GOOGLEFINANCE(""Currency:KRWEUR""),"""")))))))"),78.99242399999999) -> 78.992424 | M10: ='Data in Local Currency'!F10 -> 2014 | N10: =IFERROR(__xludf.DUMMYFUNCTION("IF($D10=""Euro"",'Data in Local Currency'!G10, IF($D10=""Dolar"",'Data in Local Currency'!G10*GOOGLEFINANCE(""Currency:USDEUR""), IF($D10=""Franco Suíço"",'Data in Local Currency'!G10*GOOGLEFINANCE(""Currency:CHFEUR""), IF($D10=""Libra Esterlina"", 'Data "&"in Local Currency'!G10*GOOGLEFINANCE(""Currency:GBPEUR""), IF($D10=""Iene"",'Data in Local Currency'!G10*GOOGLEFINANCE(""Currency:JPYEUR""), IF($D10=""HKD"",'Data in Local Currency'!G10*GOOGLEFINANCE(""Currency:HKDEUR""), IF($D10=""KRW"",'Data in Local Cu"&"rrency'!G10*GOOGLEFINANCE(""Currency:KRWEUR""),"""")))))))"),99.18203399999999) -> 99.182034 | O10: 93.39 | P10: 102.51 | Q10: 28.13 | R10: Sim | S10: 2
A11: STARBUCKS CORP | B11: SBUX US Equity | C11: US8552441094 | D11: Dolar | E11: 3.8 | F11: 3.8 | G11: 3.3 | H11: 4.5 | I11: 15 | J11: 71 | K11: 72 | L11: =IFERROR(__xludf.DUMMYFUNCTION("IF($D11=""Euro"",'Data in Local Currency'!E11, IF($D11=""Dolar"",'Data in Local Currency'!E11*GOOGLEFINANCE(""Currency:USDEUR""), IF($D11=""Franco Suíço"",'Data in Local Currency'!E11*GOOGLEFINANCE(""Currency:CHFEUR""), IF($D11=""Libra Esterlina"", 'Data "&"in Local Currency'!E11*GOOGLEFINANCE(""Currency:GBPEUR""), IF($D11=""Iene"",'Data in Local Currency'!E11*GOOGLEFINANCE(""Currency:JPYEUR""), IF($D11=""HKD"",'Data in Local Currency'!E11*GOOGLEFINANCE(""Currency:HKDEUR""), IF($D11=""KRW"",'Data in Local Cu"&"rrency'!E11*GOOGLEFINANCE(""Currency:KRWEUR""),"""")))))))"),0.294336) -> 0.294336 | M11: ='Data in Local Currency'!F11 -> 1992 | N11: =IFERROR(__xludf.DUMMYFUNCTION("IF($D11=""Euro"",'Data in Local Currency'!G11, IF($D11=""Dolar"",'Data in Local Currency'!G11*GOOGLEFINANCE(""Currency:USDEUR""), IF($D11=""Franco Suíço"",'Data in Local Currency'!G11*GOOGLEFINANCE(""Currency:CHFEUR""), IF($D11=""Libra Esterlina"", 'Data "&"in Local Currency'!G11*GOOGLEFINANCE(""Currency:GBPEUR""), IF($D11=""Iene"",'Data in Local Currency'!G11*GOOGLEFINANCE(""Currency:JPYEUR""), IF($D11=""HKD"",'Data in Local Currency'!G11*GOOGLEFINANCE(""Currency:HKDEUR""), IF($D11=""KRW"",'Data in Local Cu"&"rrency'!G11*GOOGLEFINANCE(""Currency:KRWEUR""),"""")))))))"),55.243187999999996) -> 55.243188 | O11: 78.35 | P11: 26.47 | Q11: 6.78 | R11: Sim | S11: 4
A12: VIDRALA | B12: VID SM Equity | C12: ES0183746314 | D12: Euro | E12: 3.4 | F12: 3.4 | G12: 2.7 | H12: N/A | I12: N/A | J12: N/A | K12: N/A | L12: =IFERROR(__xludf.DUMMYFUNCTION("IF($D12=""Euro"",'Data in Local Currency'!E12, IF($D12=""Dolar"",'Data in Local Currency'!E12*GOOGLEFINANCE(""Currency:USDEUR""), IF($D12=""Franco Suíço"",'Data in Local Currency'!E12*GOOGLEFINANCE(""Currency:CHFEUR""), IF($D12=""Libra Esterlina"", 'Data "&"in Local Currency'!E12*GOOGLEFINANCE(""Currency:GBPEUR""), IF($D12=""Iene"",'Data in Local Currency'!E12*GOOGLEFINANCE(""Currency:JPYEUR""), IF($D12=""HKD"",'Data in Local Currency'!E12*GOOGLEFINANCE(""Currency:HKDEUR""), IF($D12=""KRW"",'Data in Local Cu"&"rrency'!E12*GOOGLEFINANCE(""Currency:KRWEUR""),"""")))))))"),4.6) -> 4.6 | M12: ='Data in Local Currency'!F12 -> 2000 | N12: =IFERROR(__xludf.DUMMYFUNCTION("IF($D12=""Euro"",'Data in Local Currency'!G12, IF($D12=""Dolar"",'Data in Local Currency'!G12*GOOGLEFINANCE(""Currency:USDEUR""), IF($D12=""Franco Suíço"",'Data in Local Currency'!G12*GOOGLEFINANCE(""Currency:CHFEUR""), IF($D12=""Libra Esterlina"", 'Data "&"in Local Currency'!G12*GOOGLEFINANCE(""Currency:GBPEUR""), IF($D12=""Iene"",'Data in Local Currency'!G12*GOOGLEFINANCE(""Currency:JPYEUR""), IF($D12=""HKD"",'Data in Local Currency'!G12*GOOGLEFINANCE(""Currency:HKDEUR""), IF($D12=""KRW"",'Data in Local Cu"&"rrency'!G12*GOOGLEFINANCE(""Currency:KRWEUR""),"""")))))))"),44.34) -> 44.34 | O12: 64.8 | P12: 1.08 | Q12: 0.23 | R12: Não
A13: ROYAL DUTCH SHA | B13: RDSA NA Equity | C13: GB00B03MLX29 | D13: Euro | E13: 4.1 | F13: 4.1 | G13: 3.6 | H13: 3.7 | I13: 19 | J13: 73 | K13: 67 | L13: =IFERROR(__xludf.DUMMYFUNCTION("IF($D13=""Euro"",'Data in Local Currency'!E13, IF($D13=""Dolar"",'Data in Local Currency'!E13*GOOGLEFINANCE(""Currency:USDEUR""), IF($D13=""Franco Suíço"",'Data in Local Currency'!E13*GOOGLEFINANCE(""Currency:CHFEUR""), IF($D13=""Libra Esterlina"", 'Data "&"in Local Currency'!E13*GOOGLEFINANCE(""Currency:GBPEUR""), IF($D13=""Iene"",'Data in Local Currency'!E13*GOOGLEFINANCE(""Currency:JPYEUR""), IF($D13=""HKD"",'Data in Local Currency'!E13*GOOGLEFINANCE(""Currency:HKDEUR""), IF($D13=""KRW"",'Data in Local Cu"&"rrency'!E13*GOOGLEFINANCE(""Currency:KRWEUR""),"""")))))))"),26.44) -> 26.44 | M13: ='Data in Local Currency'!F13 -> 2005 | N13: =IFERROR(__xludf.DUMMYFUNCTION("IF($D13=""Euro"",'Data in Local Currency'!G13, IF($D13=""Dolar"",'Data in Local Currency'!G13*GOOGLEFINANCE(""Currency:USDEUR""), IF($D13=""Franco Suíço"",'Data in Local Currency'!G13*GOOGLEFINANCE(""Currency:CHFEUR""), IF($D13=""Libra Esterlina"", 'Data "&"in Local Currency'!G13*GOOGLEFINANCE(""Currency:GBPEUR""), IF($D13=""Iene"",'Data in Local Currency'!G13*GOOGLEFINANCE(""Currency:JPYEUR""), IF($D13=""HKD"",'Data in Local Currency'!G13*GOOGLEFINANCE(""Currency:HKDEUR""), IF($D13=""KRW"",'Data in Local Cu"&"rrency'!G13*GOOGLEFINANCE(""Currency:KRWEUR""),"""")))))))"),23.88) -> 23.88 | O13: 24.14 | P13: 238.15 | Q13: 28.9 | R13: Sim | S13: 2
A14: HOLCIM LTD | B14: HOLN SW Equity | C14: CH0012214059 | D14: Franco Suíço | E14: 3.7 | F14: 3.4 | G14: 3.1 | H14: 4.1 | I14: 25 | J14: 63 | K14: 69 | L14: =IFERROR(__xludf.DUMMYFUNCTION("IF($D14=""Euro"",'Data in Local Currency'!E14, IF($D14=""Dolar"",'Data in Local Currency'!E14*GOOGLEFINANCE(""Currency:USDEUR""), IF($D14=""Franco Suíço"",'Data in Local Currency'!E14*GOOGLEFINANCE(""Currency:CHFEUR""), IF($D14=""Libra Esterlina"", 'Data "&"in Local Currency'!E14*GOOGLEFINANCE(""Currency:GBPEUR""), IF($D14=""Iene"",'Data in Local Currency'!E14*GOOGLEFINANCE(""Currency:JPYEUR""), IF($D14=""HKD"",'Data in Local Currency'!E14*GOOGLEFINANCE(""Currency:HKDEUR""), IF($D14=""KRW"",'Data in Local Cu"&"rrency'!E14*GOOGLEFINANCE(""Currency:KRWEUR""),"""")))))))"),29.446945343999996) -> 29.446945 | M14: ='Data in Local Currency'!F14 -> 2001 | N14: =IFERROR(__xludf.DUMMYFUNCTION("IF($D14=""Euro"",'Data in Local Currency'!G14, IF($D14=""Dolar"",'Data in Local Currency'!G14*GOOGLEFINANCE(""Currency:USDEUR""), IF($D14=""Franco Suíço"",'Data in Local Currency'!G14*GOOGLEFINANCE(""Currency:CHFEUR""), IF($D14=""Libra Esterlina"", 'Data "&"in Local Currency'!G14*GOOGLEFINANCE(""Currency:GBPEUR""), IF($D14=""Iene"",'Data in Local Currency'!G14*GOOGLEFINANCE(""Currency:JPYEUR""), IF($D14=""HKD"",'Data in Local Currency'!G14*GOOGLEFINANCE(""Currency:HKDEUR""), IF($D14=""KRW"",'Data in Local Cu"&"rrency'!G14*GOOGLEFINANCE(""Currency:KRWEUR""),"""")))))))"),55.52683775999999) -> 55.526838 | O14: 44.73 | P14: 26.12 | Q14: 6.25 | R14: Sim | S14: 8
A15: MICHELIN | B15: ML FP Equity | C15: FR0000121261 | D15: Euro | E15: 4.1 | F15: 4.2 | G15: 3.8 | H15: 4.5 | I15: 35 | J15: 78 | K15: 72 | L15: =IFERROR(__xludf.DUMMYFUNCTION("IF($D15=""Euro"",'Data in Local Currency'!E15, IF($D15=""Dolar"",'Data in Local Currency'!E15*GOOGLEFINANCE(""Currency:USDEUR""), IF($D15=""Franco Suíço"",'Data in Local Currency'!E15*GOOGLEFINANCE(""Currency:CHFEUR""), IF($D15=""Libra Esterlina"", 'Data "&"in Local Currency'!E15*GOOGLEFINANCE(""Currency:GBPEUR""), IF($D15=""Iene"",'Data in Local Currency'!E15*GOOGLEFINANCE(""Currency:JPYEUR""), IF($D15=""HKD"",'Data in Local Currency'!E15*GOOGLEFINANCE(""Currency:HKDEUR""), IF($D15=""KRW"",'Data in Local Cu"&"rrency'!E15*GOOGLEFINANCE(""Currency:KRWEUR""),"""")))))))"),31.34) -> 31.34 | M15: ='Data in Local Currency'!F15 -> 2000 | N15: =IFERROR(__xludf.DUMMYFUNCTION("IF($D15=""Euro"",'Data in Local Currency'!G15, IF($D15=""Dolar"",'Data in Local Currency'!G15*GOOGLEFINANCE(""Currency:USDEUR""), IF($D15=""Franco Suíço"",'Data in Local Currency'!G15*GOOGLEFINANCE(""Currency:CHFEUR""), IF($D15=""Libra Esterlina"", 'Data "&"in Local Currency'!G15*GOOGLEFINANCE(""Currency:GBPEUR""), IF($D15=""Iene"",'Data in Local Currency'!G15*GOOGLEFINANCE(""Currency:JPYEUR""), IF($D15=""HKD"",'Data in Local Currency'!G15*GOOGLEFINANCE(""Currency:HKDEUR""), IF($D15=""KRW"",'Data in Local Cu"&"rrency'!G15*GOOGLEFINANCE(""Currency:KRWEUR""),"""")))))))"),119.95) -> 119.95 | O15: 123.25 | P15: 23.8 | R15: Sim | S15: 3
A16: RYANAIR HLDGS | B16: RYA ID Equity | C16: IE00BYTBXV33 | D16: Euro | E16: 3.3 | F16: 2.9 | G16: 2.7 | H16: 2.6 | I16: 75 | J16: 25 | K16: 38 | L16: =IFERROR(__xludf.DUMMYFUNCTION("IF($D16=""Euro"",'Data in Local Currency'!E16, IF($D16=""Dolar"",'Data in Local Currency'!E16*GOOGLEFINANCE(""Currency:USDEUR""), IF($D16=""Franco Suíço"",'Data in Local Currency'!E16*GOOGLEFINANCE(""Currency:CHFEUR""), IF($D16=""Libra Esterlina"", 'Data "&"in Local Currency'!E16*GOOGLEFINANCE(""Currency:GBPEUR""), IF($D16=""Iene"",'Data in Local Currency'!E16*GOOGLEFINANCE(""Currency:JPYEUR""), IF($D16=""HKD"",'Data in Local Currency'!E16*GOOGLEFINANCE(""Currency:HKDEUR""), IF($D16=""KRW"",'Data in Local Cu"&"rrency'!E16*GOOGLEFINANCE(""Currency:KRWEUR""),"""")))))))"),1.97) -> 1.97 | M16: ='Data in Local Currency'!F16 -> 2002 | N16: =IFERROR(__xludf.DUMMYFUNCTION("IF($D16=""Euro"",'Data in Local Currency'!G16, IF($D16=""Dolar"",'Data in Local Currency'!G16*GOOGLEFINANCE(""Currency:USDEUR""), IF($D16=""Franco Suíço"",'Data in Local Currency'!G16*GOOGLEFINANCE(""Currency:CHFEUR""), IF($D16=""Libra Esterlina"", 'Data "&"in Local Currency'!G16*GOOGLEFINANCE(""Currency:GBPEUR""), IF($D16=""Iene"",'Data in Local Currency'!G16*GOOGLEFINANCE(""Currency:JPYEUR""), IF($D16=""HKD"",'Data in Local Currency'!G16*GOOGLEFINANCE(""Currency:HKDEUR""), IF($D16=""KRW"",'Data in Local Cu"&"rrency'!G16*GOOGLEFINANCE(""Currency:KRWEUR""),"""")))))))"),15.95) -> 15.95 | O16: 13.7 | P16: 1.64 | R16: Sim | S16: 0
A17: TRIGANO SA | B17: TRI FP Equity | C17: FR0005691656 | D17: Euro | E17: 3.4 | F17: 2.4 | G17: 2.4 | H17: N/A | I17: N/A | J17: N/A | K17: N/A | L17: =IFERROR(__xludf.DUMMYFUNCTION("IF($D17=""Euro"",'Data in Local Currency'!E17, IF($D17=""Dolar"",'Data in Local Currency'!E17*GOOGLEFINANCE(""Currency:USDEUR""), IF($D17=""Franco Suíço"",'Data in Local Currency'!E17*GOOGLEFINANCE(""Currency:CHFEUR""), IF($D17=""Libra Esterlina"", 'Data "&"in Local Currency'!E17*GOOGLEFINANCE(""Currency:GBPEUR""), IF($D17=""Iene"",'Data in Local Currency'!E17*GOOGLEFINANCE(""Currency:JPYEUR""), IF($D17=""HKD"",'Data in Local Currency'!E17*GOOGLEFINANCE(""Currency:HKDEUR""), IF($D17=""KRW"",'Data in Local Cu"&"rrency'!E17*GOOGLEFINANCE(""Currency:KRWEUR""),"""")))))))"),2.9) -> 2.9 | M17: ='Data in Local Currency'!F17 -> 1998 | N17: =IFERROR(__xludf.DUMMYFUNCTION("IF($D17=""Euro"",'Data in Local Currency'!G17, IF($D17=""Dolar"",'Data in Local Currency'!G17*GOOGLEFINANCE(""Currency:USDEUR""), IF($D17=""Franco Suíço"",'Data in Local Currency'!G17*GOOGLEFINANCE(""Currency:CHFEUR""), IF($D17=""Libra Esterlina"", 'Data "&"in Local Currency'!G17*GOOGLEFINANCE(""Currency:GBPEUR""), IF($D17=""Iene"",'Data in Local Currency'!G17*GOOGLEFINANCE(""Currency:JPYEUR""), IF($D17=""HKD"",'Data in Local Currency'!G17*GOOGLEFINANCE(""Currency:HKDEUR""), IF($D17=""KRW"",'Data in Local Cu"&"rrency'!G17*GOOGLEFINANCE(""Currency:KRWEUR""),"""")))))))"),97.05) -> 97.05 | O17: 139.7 | P17: 2.93 | Q17: 0.42 | R17: Não
A18: BENETEAU | B18: BEN FP Equity | C18: FR0000035164 | D18: Euro | E18: 3.7 | F18: 3.4 | G18: 3 | H18: N/A | I18: N/A | J18: N/A | K18: N/A | L18: =IFERROR(__xludf.DUMMYFUNCTION("IF($D18=""Euro"",'Data in Local Currency'!E18, IF($D18=""Dolar"",'Data in Local Currency'!E18*GOOGLEFINANCE(""Currency:USDEUR""), IF($D18=""Franco Suíço"",'Data in Local Currency'!E18*GOOGLEFINANCE(""Currency:CHFEUR""), IF($D18=""Libra Esterlina"", 'Data "&"in Local Currency'!E18*GOOGLEFINANCE(""Currency:GBPEUR""), IF($D18=""Iene"",'Data in Local Currency'!E18*GOOGLEFINANCE(""Currency:JPYEUR""), IF($D18=""HKD"",'Data in Local Currency'!E18*GOOGLEFINANCE(""Currency:HKDEUR""), IF($D18=""KRW"",'Data in Local Cu"&"rrency'!E18*GOOGLEFINANCE(""Currency:KRWEUR""),"""")))))))"),0.18) -> 0.18 | M18: ='Data in Local Currency'!F18 -> 1997 | N18: =IFERROR(__xludf.DUMMYFUNCTION("IF($D18=""Euro"",'Data in Local Currency'!G18, IF($D18=""Dolar"",'Data in Local Currency'!G18*GOOGLEFINANCE(""Currency:USDEUR""), IF($D18=""Franco Suíço"",'Data in Local Currency'!G18*GOOGLEFINANCE(""Currency:CHFEUR""), IF($D18=""Libra Esterlina"", 'Data "&"in Local Currency'!G18*GOOGLEFINANCE(""Currency:GBPEUR""), IF($D18=""Iene"",'Data in Local Currency'!G18*GOOGLEFINANCE(""Currency:JPYEUR""), IF($D18=""HKD"",'Data in Local Currency'!G18*GOOGLEFINANCE(""Currency:HKDEUR""), IF($D18=""KRW"",'Data in Local Cu"&"rrency'!G18*GOOGLEFINANCE(""Currency:KRWEUR""),"""")))))))"),13.02) -> 13.02 | O18: 14.16 | P18: 1.23 | R18: Sim | S18: 0
A19: SAINT GOBAIN | B19: SGO FP Equity | C19: FR0000125007 | D19: Euro | E19: 4.1 | F19: 4.1 | G19: 3.6 | H19: N/A | I19: N/A | J19: N/A | K19: N/A | L19: =IFERROR(__xludf.DUMMYFUNCTION("IF($D19=""Euro"",'Data in Local Currency'!E19, IF($D19=""Dolar"",'Data in Local Currency'!E19*GOOGLEFINANCE(""Currency:USDEUR""), IF($D19=""Franco Suíço"",'Data in Local Currency'!E19*GOOGLEFINANCE(""Currency:CHFEUR""), IF($D19=""Libra Esterlina"", 'Data "&"in Local Currency'!E19*GOOGLEFINANCE(""Currency:GBPEUR""), IF($D19=""Iene"",'Data in Local Currency'!E19*GOOGLEFINANCE(""Currency:JPYEUR""), IF($D19=""HKD"",'Data in Local Currency'!E19*GOOGLEFINANCE(""Currency:HKDEUR""), IF($D19=""KRW"",'Data in Local Cu"&"rrency'!E19*GOOGLEFINANCE(""Currency:KRWEUR""),"""")))))))"),36.13) -> 36.13 | M19: ='Data in Local Currency'!F19 -> 2000 | N19: =IFERROR(__xludf.DUMMYFUNCTION("IF($D19=""Euro"",'Data in Local Currency'!G19, IF($D19=""Dolar"",'Data in Local Currency'!G19*GOOGLEFINANCE(""Currency:USDEUR""), IF($D19=""Franco Suíço"",'Data in Local Currency'!G19*GOOGLEFINANCE(""Currency:CHFEUR""), IF($D19=""Libra Esterlina"", 'Data "&"in Local Currency'!G19*GOOGLEFINANCE(""Currency:GBPEUR""), IF($D19=""Iene"",'Data in Local Currency'!G19*GOOGLEFINANCE(""Currency:JPYEUR""), IF($D19=""HKD"",'Data in Local Currency'!G19*GOOGLEFINANCE(""Currency:HKDEUR""), IF($D19=""KRW"",'Data in Local Cu"&"rrency'!G19*GOOGLEFINANCE(""Currency:KRWEUR""),"""")))))))"),49.55) -> 49.55 | O19: 57.88 | P19: 44.16 | Q19: 6.44 | R19: Sim | S19: 6
A20: BEKAERT NV | B20: BEKB BB Equity | C20: BE0974258874 | D20: Euro | E20: 4.1 | F20: 3.9 | G20: 3.5 | H20: 3 | I20: 75 | J20: 58 | K20: 60 | L20: =IFERROR(__xludf.DUMMYFUNCTION("IF($D20=""Euro"",'Data in Local Currency'!E20, IF($D20=""Dolar"",'Data in Local Currency'!E20*GOOGLEFINANCE(""Currency:USDEUR""), IF($D20=""Franco Suíço"",'Data in Local Currency'!E20*GOOGLEFINANCE(""Currency:CHFEUR""), IF($D20=""Libra Esterlina"", 'Data "&"in Local Currency'!E20*GOOGLEFINANCE(""Currency:GBPEUR""), IF($D20=""Iene"",'Data in Local Currency'!E20*GOOGLEFINANCE(""Currency:JPYEUR""), IF($D20=""HKD"",'Data in Local Currency'!E20*GOOGLEFINANCE(""Currency:HKDEUR""), IF($D20=""KRW"",'Data in Local Cu"&"rrency'!E20*GOOGLEFINANCE(""Currency:KRWEUR""),"""")))))))"),18.17) -> 18.17 | M20: ='Data in Local Currency'!F20 -> 2000 | N20: =IFERROR(__xludf.DUMMYFUNCTION("IF($D20=""Euro"",'Data in Local Currency'!G20, IF($D20=""Dolar"",'Data in Local Currency'!G20*GOOGLEFINANCE(""Currency:USDEUR""), IF($D20=""Franco Suíço"",'Data in Local Currency'!G20*GOOGLEFINANCE(""Currency:CHFEUR""), IF($D20=""Libra Esterlina"", 'Data "&"in Local Currency'!G20*GOOGLEFINANCE(""Currency:GBPEUR""), IF($D20=""Iene"",'Data in Local Currency'!G20*GOOGLEFINANCE(""Currency:JPYEUR""), IF($D20=""HKD"",'Data in Local Currency'!G20*GOOGLEFINANCE(""Currency:HKDEUR""), IF($D20=""KRW"",'Data in Local Cu"&"rrency'!G20*GOOGLEFINANCE(""Currency:KRWEUR""),"""")))))))"),46.22) -> 46.22 | O20: 36.92 | P20: 4.84 | Q20: 0.64 | R20: Não
A21: STABILUS SA | B21: STM GY Equity | C21: LU1066226637 | D21: Euro | E21: 3.9 | F21: 3.6 | G21: 3.4 | H21: N/A | I21: N/A | J21: N/A | K21: N/A | L21: =IFERROR(__xludf.DUMMYFUNCTION("IF($D21=""Euro"",'Data in Local Currency'!E21, IF($D21=""Dolar"",'Data in Local Currency'!E21*GOOGLEFINANCE(""Currency:USDEUR""), IF($D21=""Franco Suíço"",'Data in Local Currency'!E21*GOOGLEFINANCE(""Currency:CHFEUR""), IF($D21=""Libra Esterlina"", 'Data "&"in Local Currency'!E21*GOOGLEFINANCE(""Currency:GBPEUR""), IF($D21=""Iene"",'Data in Local Currency'!E21*GOOGLEFINANCE(""Currency:JPYEUR""), IF($D21=""HKD"",'Data in Local Currency'!E21*GOOGLEFINANCE(""Currency:HKDEUR""), IF($D21=""KRW"",'Data in Local Cu"&"rrency'!E21*GOOGLEFINANCE(""Currency:KRWEUR""),"""")))))))"),23.35) -> 23.35 | M21: ='Data in Local Currency'!F21 -> 2016 | N21: =IFERROR(__xludf.DUMMYFUNCTION("IF($D21=""Euro"",'Data in Local Currency'!G21, IF($D21=""Dolar"",'Data in Local Currency'!G21*GOOGLEFINANCE(""Currency:USDEUR""), IF($D21=""Franco Suíço"",'Data in Local Currency'!G21*GOOGLEFINANCE(""Currency:CHFEUR""), IF($D21=""Libra Esterlina"", 'Data "&"in Local Currency'!G21*GOOGLEFINANCE(""Currency:GBPEUR""), IF($D21=""Iene"",'Data in Local Currency'!G21*GOOGLEFINANCE(""Currency:JPYEUR""), IF($D21=""HKD"",'Data in Local Currency'!G21*GOOGLEFINANCE(""Currency:HKDEUR""), IF($D21=""KRW"",'Data in Local Cu"&"rrency'!G21*GOOGLEFINANCE(""Currency:KRWEUR""),"""")))))))"),66.49) -> 66.49 | O21: 50.35 | P21: 0.94 | Q21: 0.02 | R21: Sim | S21: 0
A22: DECEUNINCK NV | B22: DECB BB Equity | C22: BE0003789063 | D22: Euro | E22: 2.8 | F22: 2.2 | G22: 2.3 | H22: N/A | I22: N/A | J22: N/A | K22: N/A | L22: =IFERROR(__xludf.DUMMYFUNCTION("IF($D22=""Euro"",'Data in Local Currency'!E22, IF($D22=""Dolar"",'Data in Local Currency'!E22*GOOGLEFINANCE(""Currency:USDEUR""), IF($D22=""Franco Suíço"",'Data in Local Currency'!E22*GOOGLEFINANCE(""Currency:CHFEUR""), IF($D22=""Libra Esterlina"", 'Data "&"in Local Currency'!E22*GOOGLEFINANCE(""Currency:GBPEUR""), IF($D22=""Iene"",'Data in Local Currency'!E22*GOOGLEFINANCE(""Currency:JPYEUR""), IF($D22=""HKD"",'Data in Local Currency'!E22*GOOGLEFINANCE(""Currency:HKDEUR""), IF($D22=""KRW"",'Data in Local Cu"&"rrency'!E22*GOOGLEFINANCE(""Currency:KRWEUR""),"""")))))))"),7.01) -> 7.01 | M22: ='Data in Local Currency'!F22 -> 2000 | N22: =IFERROR(__xludf.DUMMYFUNCTION("IF($D22=""Euro"",'Data in Local Currency'!G22, IF($D22=""Dolar"",'Data in Local Currency'!G22*GOOGLEFINANCE(""Currency:USDEUR""), IF($D22=""Franco Suíço"",'Data in Local Currency'!G22*GOOGLEFINANCE(""Currency:CHFEUR""), IF($D22=""Libra Esterlina"", 'Data "&"in Local Currency'!G22*GOOGLEFINANCE(""Currency:GBPEUR""), IF($D22=""Iene"",'Data in Local Currency'!G22*GOOGLEFINANCE(""Currency:JPYEUR""), IF($D22=""HKD"",'Data in Local Currency'!G22*GOOGLEFINANCE(""Currency:HKDEUR""), IF($D22=""KRW"",'Data in Local Cu"&"rrency'!G22*GOOGLEFINANCE(""Currency:KRWEUR""),"""")))))))"),2.78) -> 2.78 | O22: 2.83 | P22: 0.84 | Q22: 0.09 | R22: Sim | S22: 2
A23: MUNCHENER RUER | B23: MUV2 GY Equity | C23: DE0008430026 | D23: Euro | E23: 4.4 | F23: 4.1 | G23: 3.9 | H23: 2.8 | I23: 17 | J23: 78 | K23: 50 | L23: =IFERROR(__xludf.DUMMYFUNCTION("IF($D23=""Euro"",'Data in Local Currency'!E23, IF($D23=""Dolar"",'Data in Local Currency'!E23*GOOGLEFINANCE(""Currency:USDEUR""), IF($D23=""Franco Suíço"",'Data in Local Currency'!E23*GOOGLEFINANCE(""Currency:CHFEUR""), IF($D23=""Libra Esterlina"", 'Data "&"in Local Currency'!E23*GOOGLEFINANCE(""Currency:GBPEUR""), IF($D23=""Iene"",'Data in Local Currency'!E23*GOOGLEFINANCE(""Currency:JPYEUR""), IF($D23=""HKD"",'Data in Local Currency'!E23*GOOGLEFINANCE(""Currency:HKDEUR""), IF($D23=""KRW"",'Data in Local Cu"&"rrency'!E23*GOOGLEFINANCE(""Currency:KRWEUR""),"""")))))))"),216.89) -> 216.89 | M23: ='Data in Local Currency'!F23 -> 1998 | N23: =IFERROR(__xludf.DUMMYFUNCTION("IF($D23=""Euro"",'Data in Local Currency'!G23, IF($D23=""Dolar"",'Data in Local Currency'!G23*GOOGLEFINANCE(""Currency:USDEUR""), IF($D23=""Franco Suíço"",'Data in Local Currency'!G23*GOOGLEFINANCE(""Currency:CHFEUR""), IF($D23=""Libra Esterlina"", 'Data "&"in Local Currency'!G23*GOOGLEFINANCE(""Currency:GBPEUR""), IF($D23=""Iene"",'Data in Local Currency'!G23*GOOGLEFINANCE(""Currency:JPYEUR""), IF($D23=""HKD"",'Data in Local Currency'!G23*GOOGLEFINANCE(""Currency:HKDEUR""), IF($D23=""KRW"",'Data in Local Cu"&"rrency'!G23*GOOGLEFINANCE(""Currency:KRWEUR""),"""")))))))"),175.95) -> 175.95 | O23: 240 | P23: 70.24 | R23: Sim | S23: 0
A24: AENA SME SA | B24: AENA SM Equity | C24: ES0105046009 | D24: Euro | E24: 3.7 | F24: 3.3 | G24: 3.2 | H24: N/A | I24: N/A | J24: N/A | K24: N/A | L24: =IFERROR(__xludf.DUMMYFUNCTION("IF($D24=""Euro"",'Data in Local Currency'!E24, IF($D24=""Dolar"",'Data in Local Currency'!E24*GOOGLEFINANCE(""Currency:USDEUR""), IF($D24=""Franco Suíço"",'Data in Local Currency'!E24*GOOGLEFINANCE(""Currency:CHFEUR""), IF($D24=""Libra Esterlina"", 'Data "&"in Local Currency'!E24*GOOGLEFINANCE(""Currency:GBPEUR""), IF($D24=""Iene"",'Data in Local Currency'!E24*GOOGLEFINANCE(""Currency:JPYEUR""), IF($D24=""HKD"",'Data in Local Currency'!E24*GOOGLEFINANCE(""Currency:HKDEUR""), IF($D24=""KRW"",'Data in Local Cu"&"rrency'!E24*GOOGLEFINANCE(""Currency:KRWEUR""),"""")))))))"),74.0) -> 74 | M24: ='Data in Local Currency'!F24 -> 2015 | N24: =IFERROR(__xludf.DUMMYFUNCTION("IF($D24=""Euro"",'Data in Local Currency'!G24, IF($D24=""Dolar"",'Data in Local Currency'!G24*GOOGLEFINANCE(""Currency:USDEUR""), IF($D24=""Franco Suíço"",'Data in Local Currency'!G24*GOOGLEFINANCE(""Currency:CHFEUR""), IF($D24=""Libra Esterlina"", 'Data "&"in Local Currency'!G24*GOOGLEFINANCE(""Currency:GBPEUR""), IF($D24=""Iene"",'Data in Local Currency'!G24*GOOGLEFINANCE(""Currency:JPYEUR""), IF($D24=""HKD"",'Data in Local Currency'!G24*GOOGLEFINANCE(""Currency:HKDEUR""), IF($D24=""KRW"",'Data in Local Cu"&"rrency'!G24*GOOGLEFINANCE(""Currency:KRWEUR""),"""")))))))"),162.0) -> 162 | O24: 145.15 | P24: 2.32 | Q24: 0.82 | R24: Sim | S24: 0
A25: CORTICEIRA AMORI | B25: COR PL Equity | C25: PTCOR0AE0006 | D25: Euro | E25: 3.5 | F25: 3.9 | G25: 4 | H25: N/A | I25: N/A | J25: N/A | K25: N/A | L25: =IFERROR(__xludf.DUMMYFUNCTION("IF($D25=""Euro"",'Data in Local Currency'!E25, IF($D25=""Dolar"",'Data in Local Currency'!E25*GOOGLEFINANCE(""Currency:USDEUR""), IF($D25=""Franco Suíço"",'Data in Local Currency'!E25*GOOGLEFINANCE(""Currency:CHFEUR""), IF($D25=""Libra Esterlina"", 'Data "&"in Local Currency'!E25*GOOGLEFINANCE(""Currency:GBPEUR""), IF($D25=""Iene"",'Data in Local Currency'!E25*GOOGLEFINANCE(""Currency:JPYEUR""), IF($D25=""HKD"",'Data in Local Currency'!E25*GOOGLEFINANCE(""Currency:HKDEUR""), IF($D25=""KRW"",'Data in Local Cu"&"rrency'!E25*GOOGLEFINANCE(""Currency:KRWEUR""),"""")))))))"),9.35) -> 9.35 | M25: ='Data in Local Currency'!F25 -> 2000 | N25: =IFERROR(__xludf.DUMMYFUNCTION("IF($D25=""Euro"",'Data in Local Currency'!G25, IF($D25=""Dolar"",'Data in Local Currency'!G25*GOOGLEFINANCE(""Currency:USDEUR""), IF($D25=""Franco Suíço"",'Data in Local Currency'!G25*GOOGLEFINANCE(""Currency:CHFEUR""), IF($D25=""Libra Esterlina"", 'Data "&"in Local Currency'!G25*GOOGLEFINANCE(""Currency:GBPEUR""), IF($D25=""Iene"",'Data in Local Currency'!G25*GOOGLEFINANCE(""Currency:JPYEUR""), IF($D25=""HKD"",'Data in Local Currency'!G25*GOOGLEFINANCE(""Currency:HKDEUR""), IF($D25=""KRW"",'Data in Local Cu"&"rrency'!G25*GOOGLEFINANCE(""Currency:KRWEUR""),"""")))))))"),11.0) -> 11 | O25: 10.1 | P25: 0.84 | R25: Sim | S25: 0
A26: SANOFI | B26: SAN FP Equity | C26: FR0000120578 | D26: Euro | E26: 4 | F26: 3.8 | G26: 3.5 | H26: 4.5 | I26: 16 | J26: 77 | K26: 82 | L26: =IFERROR(__xludf.DUMMYFUNCTION("IF($D26=""Euro"",'Data in Local Currency'!E26, IF($D26=""Dolar"",'Data in Local Currency'!E26*GOOGLEFINANCE(""Currency:USDEUR""), IF($D26=""Franco Suíço"",'Data in Local Currency'!E26*GOOGLEFINANCE(""Currency:CHFEUR""), IF($D26=""Libra Esterlina"", 'Data "&"in Local Currency'!E26*GOOGLEFINANCE(""Currency:GBPEUR""), IF($D26=""Iene"",'Data in Local Currency'!E26*GOOGLEFINANCE(""Currency:JPYEUR""), IF($D26=""HKD"",'Data in Local Currency'!E26*GOOGLEFINANCE(""Currency:HKDEUR""), IF($D26=""KRW"",'Data in Local Cu"&"rrency'!E26*GOOGLEFINANCE(""Currency:KRWEUR""),"""")))))))"),7.19) -> 7.19 | M26: ='Data in Local Currency'!F26 -> 2000 | N26: =IFERROR(__xludf.DUMMYFUNCTION("IF($D26=""Euro"",'Data in Local Currency'!G26, IF($D26=""Dolar"",'Data in Local Currency'!G26*GOOGLEFINANCE(""Currency:USDEUR""), IF($D26=""Franco Suíço"",'Data in Local Currency'!G26*GOOGLEFINANCE(""Currency:CHFEUR""), IF($D26=""Libra Esterlina"", 'Data "&"in Local Currency'!G26*GOOGLEFINANCE(""Currency:GBPEUR""), IF($D26=""Iene"",'Data in Local Currency'!G26*GOOGLEFINANCE(""Currency:JPYEUR""), IF($D26=""HKD"",'Data in Local Currency'!G26*GOOGLEFINANCE(""Currency:HKDEUR""), IF($D26=""KRW"",'Data in Local Cu"&"rrency'!G26*GOOGLEFINANCE(""Currency:KRWEUR""),"""")))))))"),86.61) -> 86.61 | O26: 94.04 | P26: 37.76 | Q26: 11.8 | R26: Sim | S26: 4
A27: KONINKLIJKE PHIL | B27: PHIA NA Equity | C27: NL0000009538 | D27: Euro | E27: 4.1 | F27: 4 | G27: 3.6 | H27: 4.1 | I27: 16 | J27: 77 | K27: 70 | L27: =IFERROR(__xludf.DUMMYFUNCTION("IF($D27=""Euro"",'Data in Local Currency'!E27, IF($D27=""Dolar"",'Data in Local Currency'!E27*GOOGLEFINANCE(""Currency:USDEUR""), IF($D27=""Franco Suíço"",'Data in Local Currency'!E27*GOOGLEFINANCE(""Currency:CHFEUR""), IF($D27=""Libra Esterlina"", 'Data "&"in Local Currency'!E27*GOOGLEFINANCE(""Currency:GBPEUR""), IF($D27=""Iene"",'Data in Local Currency'!E27*GOOGLEFINANCE(""Currency:JPYEUR""), IF($D27=""HKD"",'Data in Local Currency'!E27*GOOGLEFINANCE(""Currency:HKDEUR""), IF($D27=""KRW"",'Data in Local Cu"&"rrency'!E27*GOOGLEFINANCE(""Currency:KRWEUR""),"""")))))))"),1.88) -> 1.88 | M27: ='Data in Local Currency'!F27 -> 1995 | N27: =IFERROR(__xludf.DUMMYFUNCTION("IF($D27=""Euro"",'Data in Local Currency'!G27, IF($D27=""Dolar"",'Data in Local Currency'!G27*GOOGLEFINANCE(""Currency:USDEUR""), IF($D27=""Franco Suíço"",'Data in Local Currency'!G27*GOOGLEFINANCE(""Currency:CHFEUR""), IF($D27=""Libra Esterlina"", 'Data "&"in Local Currency'!G27*GOOGLEFINANCE(""Currency:GBPEUR""), IF($D27=""Iene"",'Data in Local Currency'!G27*GOOGLEFINANCE(""Currency:JPYEUR""), IF($D27=""HKD"",'Data in Local Currency'!G27*GOOGLEFINANCE(""Currency:HKDEUR""), IF($D27=""KRW"",'Data in Local Cu"&"rrency'!G27*GOOGLEFINANCE(""Currency:KRWEUR""),"""")))))))"),31.19) -> 31.19 | O27: 28.28 | P27: 17.16 | Q27: 1.85 | R27: Sim | S27: 6
A28: ABRDN PLC | B28: ABDN LN Equity | C28: GB00BF8Q6K64 | D28: Libra Esterlina | E28: 3.3 | F28: 3.1 | G28: 2.7 | H28: N/A | I28: N/A | J28: N/A | K28: N/A | L28: =IFERROR(__xludf.DUMMYFUNCTION("IF($D28=""Euro"",'Data in Local Currency'!E28, IF($D28=""Dolar"",'Data in Local Currency'!E28*GOOGLEFINANCE(""Currency:USDEUR""), IF($D28=""Franco Suíço"",'Data in Local Currency'!E28*GOOGLEFINANCE(""Currency:CHFEUR""), IF($D28=""Libra Esterlina"", 'Data "&"in Local Currency'!E28*GOOGLEFINANCE(""Currency:GBPEUR""), IF($D28=""Iene"",'Data in Local Currency'!E28*GOOGLEFINANCE(""Currency:JPYEUR""), IF($D28=""HKD"",'Data in Local Currency'!E28*GOOGLEFINANCE(""Currency:HKDEUR""), IF($D28=""KRW"",'Data in Local Cu"&"rrency'!E28*GOOGLEFINANCE(""Currency:KRWEUR""),"""")))))))"),441.71072254848) -> 441.71072 | M28: ='Data in Local Currency'!F28 -> 2006 | N28: =IFERROR(__xludf.DUMMYFUNCTION("IF($D28=""Euro"",'Data in Local Currency'!G28, IF($D28=""Dolar"",'Data in Local Currency'!G28*GOOGLEFINANCE(""Currency:USDEUR""), IF($D28=""Franco Suíço"",'Data in Local Currency'!G28*GOOGLEFINANCE(""Currency:CHFEUR""), IF($D28=""Libra Esterlina"", 'Data "&"in Local Currency'!G28*GOOGLEFINANCE(""Currency:GBPEUR""), IF($D28=""Iene"",'Data in Local Currency'!G28*GOOGLEFINANCE(""Currency:JPYEUR""), IF($D28=""HKD"",'Data in Local Currency'!G28*GOOGLEFINANCE(""Currency:HKDEUR""), IF($D28=""KRW"",'Data in Local Cu"&"rrency'!G28*GOOGLEFINANCE(""Currency:KRWEUR""),"""")))))))"),500.06280596876996) -> 500.06281 | O28: 244.36 | P28: 2.15 | R28: Não
A29: ROCHE HLDGGENUS | B29: ROG SW Equity | C29: CH0012032048 | D29: Franco Suíço | E29: 4.3 | F29: 4.2 | G29: 3.7 | H29: 4.5 | I29: 52 | J29: 82 | K29: 73 | L29: =IFERROR(__xludf.DUMMYFUNCTION("IF($D29=""Euro"",'Data in Local Currency'!E29, IF($D29=""Dolar"",'Data in Local Currency'!E29*GOOGLEFINANCE(""Currency:USDEUR""), IF($D29=""Franco Suíço"",'Data in Local Currency'!E29*GOOGLEFINANCE(""Currency:CHFEUR""), IF($D29=""Libra Esterlina"", 'Data "&"in Local Currency'!E29*GOOGLEFINANCE(""Currency:GBPEUR""), IF($D29=""Iene"",'Data in Local Currency'!E29*GOOGLEFINANCE(""Currency:JPYEUR""), IF($D29=""HKD"",'Data in Local Currency'!E29*GOOGLEFINANCE(""Currency:HKDEUR""), IF($D29=""KRW"",'Data in Local Cu"&"rrency'!E29*GOOGLEFINANCE(""Currency:KRWEUR""),"""")))))))"),76.16234342399999) -> 76.162343 | M29: ='Data in Local Currency'!F29 -> 1995 | N29: =IFERROR(__xludf.DUMMYFUNCTION("IF($D29=""Euro"",'Data in Local Currency'!G29, IF($D29=""Dolar"",'Data in Local Currency'!G29*GOOGLEFINANCE(""Currency:USDEUR""), IF($D29=""Franco Suíço"",'Data in Local Currency'!G29*GOOGLEFINANCE(""Currency:CHFEUR""), IF($D29=""Libra Esterlina"", 'Data "&"in Local Currency'!G29*GOOGLEFINANCE(""Currency:GBPEUR""), IF($D29=""Iene"",'Data in Local Currency'!G29*GOOGLEFINANCE(""Currency:JPYEUR""), IF($D29=""HKD"",'Data in Local Currency'!G29*GOOGLEFINANCE(""Currency:HKDEUR""), IF($D29=""KRW"",'Data in Local Cu"&"rrency'!G29*GOOGLEFINANCE(""Currency:KRWEUR""),"""")))))))"),256.27013952) -> 256.27014 | O29: 355.21 | P29: 61.14 | Q29: 21.16 | R29: Sim | S29: 0
A30: ACERINOX | B30: ACX SM Equity | C30: ES0132105018 | D30: Euro | E30: 3.3 | F30: 2.6 | G30: 3 | H30: N/A | I30: N/A | J30: N/A | K30: N/A | L30: =IFERROR(__xludf.DUMMYFUNCTION("IF($D30=""Euro"",'Data in Local Currency'!E30, IF($D30=""Dolar"",'Data in Local Currency'!E30*GOOGLEFINANCE(""Currency:USDEUR""), IF($D30=""Franco Suíço"",'Data in Local Currency'!E30*GOOGLEFINANCE(""Currency:CHFEUR""), IF($D30=""Libra Esterlina"", 'Data "&"in Local Currency'!E30*GOOGLEFINANCE(""Currency:GBPEUR""), IF($D30=""Iene"",'Data in Local Currency'!E30*GOOGLEFINANCE(""Currency:JPYEUR""), IF($D30=""HKD"",'Data in Local Currency'!E30*GOOGLEFINANCE(""Currency:HKDEUR""), IF($D30=""KRW"",'Data in Local Cu"&"rrency'!E30*GOOGLEFINANCE(""Currency:KRWEUR""),"""")))))))"),9.35) -> 9.35 | M30: ='Data in Local Currency'!F30 -> 2000 | N30: =IFERROR(__xludf.DUMMYFUNCTION("IF($D30=""Euro"",'Data in Local Currency'!G30, IF($D30=""Dolar"",'Data in Local Currency'!G30*GOOGLEFINANCE(""Currency:USDEUR""), IF($D30=""Franco Suíço"",'Data in Local Currency'!G30*GOOGLEFINANCE(""Currency:CHFEUR""), IF($D30=""Libra Esterlina"", 'Data "&"in Local Currency'!G30*GOOGLEFINANCE(""Currency:GBPEUR""), IF($D30=""Iene"",'Data in Local Currency'!G30*GOOGLEFINANCE(""Currency:JPYEUR""), IF($D30=""HKD"",'Data in Local Currency'!G30*GOOGLEFINANCE(""Currency:HKDEUR""), IF($D30=""KRW"",'Data in Local Cu"&"rrency'!G30*GOOGLEFINANCE(""Currency:KRWEUR""),"""")))))))"),12.82) -> 12.82 | O30: 10.72 | P30: 6.71 | Q30: 0.99 | R30: Sim | S30: 0
A31: VOPAK | B31: VPK NA Equity | C31: NL0009432491 | D31: Euro | E31: 3.9 | F31: 3.5 | G31: 3.2 | H31: N/A | I31: N/A | J31: N/A | K31: N/A | L31: =IFERROR(__xludf.DUMMYFUNCTION("IF($D31=""Euro"",'Data in Local Currency'!E31, IF($D31=""Dolar"",'Data in Local Currency'!E31*GOOGLEFINANCE(""Currency:USDEUR""), IF($D31=""Franco Suíço"",'Data in Local Currency'!E31*GOOGLEFINANCE(""Currency:CHFEUR""), IF($D31=""Libra Esterlina"", 'Data "&"in Local Currency'!E31*GOOGLEFINANCE(""Currency:GBPEUR""), IF($D31=""Iene"",'Data in Local Currency'!E31*GOOGLEFINANCE(""Currency:JPYEUR""), IF($D31=""HKD"",'Data in Local Currency'!E31*GOOGLEFINANCE(""Currency:HKDEUR""), IF($D31=""KRW"",'Data in Local Cu"&"rrency'!E31*GOOGLEFINANCE(""Currency:KRWEUR""),"""")))))))"),11.8) -> 11.8 | M31: ='Data in Local Currency'!F31 -> 2000 | N31: =IFERROR(__xludf.DUMMYFUNCTION("IF($D31=""Euro"",'Data in Local Currency'!G31, IF($D31=""Dolar"",'Data in Local Currency'!G31*GOOGLEFINANCE(""Currency:USDEUR""), IF($D31=""Franco Suíço"",'Data in Local Currency'!G31*GOOGLEFINANCE(""Currency:CHFEUR""), IF($D31=""Libra Esterlina"", 'Data "&"in Local Currency'!G31*GOOGLEFINANCE(""Currency:GBPEUR""), IF($D31=""Iene"",'Data in Local Currency'!G31*GOOGLEFINANCE(""Currency:JPYEUR""), IF($D31=""HKD"",'Data in Local Currency'!G31*GOOGLEFINANCE(""Currency:HKDEUR""), IF($D31=""KRW"",'Data in Local Cu"&"rrency'!G31*GOOGLEFINANCE(""Currency:KRWEUR""),"""")))))))"),41.42) -> 41.42 | O31: 28.05 | P31: 1.23 | Q31: 0.67 | R31: Não
A32: CBRE GROUP INCA | B32: CBRE US Equity | C32: US12504L1098 | D32: Dolar | E32: 4 | F32: 3.9 | G32: 3.6 | H32: 3.8 | I32: 22 | J32: 80 | K32: 71 | L32: =IFERROR(__xludf.DUMMYFUNCTION("IF($D32=""Euro"",'Data in Local Currency'!E32, IF($D32=""Dolar"",'Data in Local Currency'!E32*GOOGLEFINANCE(""Currency:USDEUR""), IF($D32=""Franco Suíço"",'Data in Local Currency'!E32*GOOGLEFINANCE(""Currency:CHFEUR""), IF($D32=""Libra Esterlina"", 'Data "&"in Local Currency'!E32*GOOGLEFINANCE(""Currency:GBPEUR""), IF($D32=""Iene"",'Data in Local Currency'!E32*GOOGLEFINANCE(""Currency:JPYEUR""), IF($D32=""HKD"",'Data in Local Currency'!E32*GOOGLEFINANCE(""Currency:HKDEUR""), IF($D32=""KRW"",'Data in Local Cu"&"rrency'!E32*GOOGLEFINANCE(""Currency:KRWEUR""),"""")))))))"),5.803938) -> 5.803938 | M32: ='Data in Local Currency'!F32 -> 2004 | N32: =IFERROR(__xludf.DUMMYFUNCTION("IF($D32=""Euro"",'Data in Local Currency'!G32, IF($D32=""Dolar"",'Data in Local Currency'!G32*GOOGLEFINANCE(""Currency:USDEUR""), IF($D32=""Franco Suíço"",'Data in Local Currency'!G32*GOOGLEFINANCE(""Currency:CHFEUR""), IF($D32=""Libra Esterlina"", 'Data "&"in Local Currency'!G32*GOOGLEFINANCE(""Currency:GBPEUR""), IF($D32=""Iene"",'Data in Local Currency'!G32*GOOGLEFINANCE(""Currency:JPYEUR""), IF($D32=""HKD"",'Data in Local Currency'!G32*GOOGLEFINANCE(""Currency:HKDEUR""), IF($D32=""KRW"",'Data in Local Cu"&"rrency'!G32*GOOGLEFINANCE(""Currency:KRWEUR""),"""")))))))"),32.938038) -> 32.938038 | O32: 81.43 | P32: 25.27 | R32: Sim | S32: 2
A33: MEDTRONIC PLC | B33: MDT US Equity | C33: IE00BTN1Y115 | D33: Dolar | E33: 4.1 | F33: 4 | G33: 3.6 | H33: 4.4 | I33: 29 | J33: 82 | K33: 70 | L33: =IFERROR(__xludf.DUMMYFUNCTION("IF($D33=""Euro"",'Data in Local Currency'!E33, IF($D33=""Dolar"",'Data in Local Currency'!E33*GOOGLEFINANCE(""Currency:USDEUR""), IF($D33=""Franco Suíço"",'Data in Local Currency'!E33*GOOGLEFINANCE(""Currency:CHFEUR""), IF($D33=""Libra Esterlina"", 'Data "&"in Local Currency'!E33*GOOGLEFINANCE(""Currency:GBPEUR""), IF($D33=""Iene"",'Data in Local Currency'!E33*GOOGLEFINANCE(""Currency:JPYEUR""), IF($D33=""HKD"",'Data in Local Currency'!E33*GOOGLEFINANCE(""Currency:HKDEUR""), IF($D33=""KRW"",'Data in Local Cu"&"rrency'!E33*GOOGLEFINANCE(""Currency:KRWEUR""),"""")))))))"),0.43230599999999997) -> 0.432306 | M33: ='Data in Local Currency'!F33 -> 1984 | N33: =IFERROR(__xludf.DUMMYFUNCTION("IF($D33=""Euro"",'Data in Local Currency'!G33, IF($D33=""Dolar"",'Data in Local Currency'!G33*GOOGLEFINANCE(""Currency:USDEUR""), IF($D33=""Franco Suíço"",'Data in Local Currency'!G33*GOOGLEFINANCE(""Currency:CHFEUR""), IF($D33=""Libra Esterlina"", 'Data "&"in Local Currency'!G33*GOOGLEFINANCE(""Currency:GBPEUR""), IF($D33=""Iene"",'Data in Local Currency'!G33*GOOGLEFINANCE(""Currency:JPYEUR""), IF($D33=""HKD"",'Data in Local Currency'!G33*GOOGLEFINANCE(""Currency:HKDEUR""), IF($D33=""KRW"",'Data in Local Cu"&"rrency'!G33*GOOGLEFINANCE(""Currency:KRWEUR""),"""")))))))"),76.426182) -> 76.426182 | O33: 98.3 | P33: 27.43 | Q33: 7.5 | R33: Não
A34: ANHEUSERBUSCH I | B34: ABI BB Equity | C34: BE0974293251 | D34: Euro | E34: 3.8 | F34: 3.8 | G34: 3.4 | H34: 3.3 | I34: 34 | J34: 60 | K34: 67 | L34: =IFERROR(__xludf.DUMMYFUNCTION("IF($D34=""Euro"",'Data in Local Currency'!E34, IF($D34=""Dolar"",'Data in Local Currency'!E34*GOOGLEFINANCE(""Currency:USDEUR""), IF($D34=""Franco Suíço"",'Data in Local Currency'!E34*GOOGLEFINANCE(""Currency:CHFEUR""), IF($D34=""Libra Esterlina"", 'Data "&"in Local Currency'!E34*GOOGLEFINANCE(""Currency:GBPEUR""), IF($D34=""Iene"",'Data in Local Currency'!E34*GOOGLEFINANCE(""Currency:JPYEUR""), IF($D34=""HKD"",'Data in Local Currency'!E34*GOOGLEFINANCE(""Currency:HKDEUR""), IF($D34=""KRW"",'Data in Local Cu"&"rrency'!E34*GOOGLEFINANCE(""Currency:KRWEUR""),"""")))))))"),23.21) -> 23.21 | M34: ='Data in Local Currency'!F34 -> 2000 | N34: =IFERROR(__xludf.DUMMYFUNCTION("IF($D34=""Euro"",'Data in Local Currency'!G34, IF($D34=""Dolar"",'Data in Local Currency'!G34*GOOGLEFINANCE(""Currency:USDEUR""), IF($D34=""Franco Suíço"",'Data in Local Currency'!G34*GOOGLEFINANCE(""Currency:CHFEUR""), IF($D34=""Libra Esterlina"", 'Data "&"in Local Currency'!G34*GOOGLEFINANCE(""Currency:GBPEUR""), IF($D34=""Iene"",'Data in Local Currency'!G34*GOOGLEFINANCE(""Currency:JPYEUR""), IF($D34=""HKD"",'Data in Local Currency'!G34*GOOGLEFINANCE(""Currency:HKDEUR""), IF($D34=""KRW"",'Data in Local Cu"&"rrency'!G34*GOOGLEFINANCE(""Currency:KRWEUR""),"""")))))))"),103.4) -> 103.4 | O34: 54.44 | P34: 49.46 | Q34: 17.49 | R34: Não
A35: FANUC CORP | B35: 6954 JP Equity | C35: JP3802400006 | D35: Iene | E35: 3.8 | F35: 3.4 | G35: 3.4 | H35: N/A | I35: N/A | J35: N/A | K35: N/A | L35: =IFERROR(__xludf.DUMMYFUNCTION("IF($D35=""Euro"",'Data in Local Currency'!E35, IF($D35=""Dolar"",'Data in Local Currency'!E35*GOOGLEFINANCE(""Currency:USDEUR""), IF($D35=""Franco Suíço"",'Data in Local Currency'!E35*GOOGLEFINANCE(""Currency:CHFEUR""), IF($D35=""Libra Esterlina"", 'Data "&"in Local Currency'!E35*GOOGLEFINANCE(""Currency:GBPEUR""), IF($D35=""Iene"",'Data in Local Currency'!E35*GOOGLEFINANCE(""Currency:JPYEUR""), IF($D35=""HKD"",'Data in Local Currency'!E35*GOOGLEFINANCE(""Currency:HKDEUR""), IF($D35=""KRW"",'Data in Local Cu"&"rrency'!E35*GOOGLEFINANCE(""Currency:KRWEUR""),"""")))))))"),79.3906188) -> 79.390619 | M35: ='Data in Local Currency'!F35 -> 2000 | N35: =IFERROR(__xludf.DUMMYFUNCTION("IF($D35=""Euro"",'Data in Local Currency'!G35, IF($D35=""Dolar"",'Data in Local Currency'!G35*GOOGLEFINANCE(""Currency:USDEUR""), IF($D35=""Franco Suíço"",'Data in Local Currency'!G35*GOOGLEFINANCE(""Currency:CHFEUR""), IF($D35=""Libra Esterlina"", 'Data "&"in Local Currency'!G35*GOOGLEFINANCE(""Currency:GBPEUR""), IF($D35=""Iene"",'Data in Local Currency'!G35*GOOGLEFINANCE(""Currency:JPYEUR""), IF($D35=""HKD"",'Data in Local Currency'!G35*GOOGLEFINANCE(""Currency:HKDEUR""), IF($D35=""KRW"",'Data in Local Cu"&"rrency'!G35*GOOGLEFINANCE(""Currency:KRWEUR""),"""")))))))"),168.09294102) -> 168.09294 | O35: 156.6 | P35: 4.06 | Q35: 1.16 | R35: Não
A36: EURONAV NV | B36: EURN BB Equity | C36: BE0003816338 | D36: Euro | E36: 4.4 | F36: 4.1 | G36: 3.9 | H36: N/A | I36: N/A | J36: N/A | K36: N/A | L36: =IFERROR(__xludf.DUMMYFUNCTION("IF($D36=""Euro"",'Data in Local Currency'!E36, IF($D36=""Dolar"",'Data in Local Currency'!E36*GOOGLEFINANCE(""Currency:USDEUR""), IF($D36=""Franco Suíço"",'Data in Local Currency'!E36*GOOGLEFINANCE(""Currency:CHFEUR""), IF($D36=""Libra Esterlina"", 'Data "&"in Local Currency'!E36*GOOGLEFINANCE(""Currency:GBPEUR""), IF($D36=""Iene"",'Data in Local Currency'!E36*GOOGLEFINANCE(""Currency:JPYEUR""), IF($D36=""HKD"",'Data in Local Currency'!E36*GOOGLEFINANCE(""Currency:HKDEUR""), IF($D36=""KRW"",'Data in Local Cu"&"rrency'!E36*GOOGLEFINANCE(""Currency:KRWEUR""),"""")))))))"),19.1) -> 19.1 | M36: ='Data in Local Currency'!F36 -> 2004 | N36: =IFERROR(__xludf.DUMMYFUNCTION("IF($D36=""Euro"",'Data in Local Currency'!G36, IF($D36=""Dolar"",'Data in Local Currency'!G36*GOOGLEFINANCE(""Currency:USDEUR""), IF($D36=""Franco Suíço"",'Data in Local Currency'!G36*GOOGLEFINANCE(""Currency:CHFEUR""), IF($D36=""Libra Esterlina"", 'Data "&"in Local Currency'!G36*GOOGLEFINANCE(""Currency:GBPEUR""), IF($D36=""Iene"",'Data in Local Currency'!G36*GOOGLEFINANCE(""Currency:JPYEUR""), IF($D36=""HKD"",'Data in Local Currency'!G36*GOOGLEFINANCE(""Currency:HKDEUR""), IF($D36=""KRW"",'Data in Local Cu"&"rrency'!G36*GOOGLEFINANCE(""Currency:KRWEUR""),"""")))))))"),7.28) -> 7.28 | O36: 9.9 | P36: 0.38 | Q36: 0.04 | R36: Não
A37: ORANGE | B37: ORA FP Equity | C37: FR0000133308 | D37: Euro | E37: 4.1 | F37: 4 | G37: 3.7 | H37: 4.5 | I37: 6 | J37: 81 | K37: 72 | L37: =IFERROR(__xludf.DUMMYFUNCTION("IF($D37=""Euro"",'Data in Local Currency'!E37, IF($D37=""Dolar"",'Data in Local Currency'!E37*GOOGLEFINANCE(""Currency:USDEUR""), IF($D37=""Franco Suíço"",'Data in Local Currency'!E37*GOOGLEFINANCE(""Currency:CHFEUR""), IF($D37=""Libra Esterlina"", 'Data "&"in Local Currency'!E37*GOOGLEFINANCE(""Currency:GBPEUR""), IF($D37=""Iene"",'Data in Local Currency'!E37*GOOGLEFINANCE(""Currency:JPYEUR""), IF($D37=""HKD"",'Data in Local Currency'!E37*GOOGLEFINANCE(""Currency:HKDEUR""), IF($D37=""KRW"",'Data in Local Cu"&"rrency'!E37*GOOGLEFINANCE(""Currency:KRWEUR""),"""")))))))"),167.5) -> 167.5 | M37: ='Data in Local Currency'!F37 -> 2000 | N37: =IFERROR(__xludf.DUMMYFUNCTION("IF($D37=""Euro"",'Data in Local Currency'!G37, IF($D37=""Dolar"",'Data in Local Currency'!G37*GOOGLEFINANCE(""Currency:USDEUR""), IF($D37=""Franco Suíço"",'Data in Local Currency'!G37*GOOGLEFINANCE(""Currency:CHFEUR""), IF($D37=""Libra Esterlina"", 'Data "&"in Local Currency'!G37*GOOGLEFINANCE(""Currency:GBPEUR""), IF($D37=""Iene"",'Data in Local Currency'!G37*GOOGLEFINANCE(""Currency:JPYEUR""), IF($D37=""HKD"",'Data in Local Currency'!G37*GOOGLEFINANCE(""Currency:HKDEUR""), IF($D37=""KRW"",'Data in Local Cu"&"rrency'!G37*GOOGLEFINANCE(""Currency:KRWEUR""),"""")))))))"),14.2) -> 14.2 | O37: 10.69 | P37: 42.52 | Q37: 12.31 | R37: Sim | S37: 6
A38: LAM RESEARCH | B38: LRCX US Equity | C38: US5128071082 | D38: Dolar | E38: 4.2 | F38: 4.2 | G38: 3.8 | H38: 4.2 | I38: 18 | J38: 80 | K38: 65 | L38: =IFERROR(__xludf.DUMMYFUNCTION("IF($D38=""Euro"",'Data in Local Currency'!E38, IF($D38=""Dolar"",'Data in Local Currency'!E38*GOOGLEFINANCE(""Currency:USDEUR""), IF($D38=""Franco Suíço"",'Data in Local Currency'!E38*GOOGLEFINANCE(""Currency:CHFEUR""), IF($D38=""Libra Esterlina"", 'Data "&"in Local Currency'!E38*GOOGLEFINANCE(""Currency:GBPEUR""), IF($D38=""Iene"",'Data in Local Currency'!E38*GOOGLEFINANCE(""Currency:JPYEUR""), IF($D38=""HKD"",'Data in Local Currency'!E38*GOOGLEFINANCE(""Currency:HKDEUR""), IF($D38=""KRW"",'Data in Local Cu"&"rrency'!E38*GOOGLEFINANCE(""Currency:KRWEUR""),"""")))))))"),2.143134) -> 2.143134 | M38: ='Data in Local Currency'!F38 -> 1984 | N38: =IFERROR(__xludf.DUMMYFUNCTION("IF($D38=""Euro"",'Data in Local Currency'!G38, IF($D38=""Dolar"",'Data in Local Currency'!G38*GOOGLEFINANCE(""Currency:USDEUR""), IF($D38=""Franco Suíço"",'Data in Local Currency'!G38*GOOGLEFINANCE(""Currency:CHFEUR""), IF($D38=""Libra Esterlina"", 'Data "&"in Local Currency'!G38*GOOGLEFINANCE(""Currency:GBPEUR""), IF($D38=""Iene"",'Data in Local Currency'!G38*GOOGLEFINANCE(""Currency:JPYEUR""), IF($D38=""HKD"",'Data in Local Currency'!G38*GOOGLEFINANCE(""Currency:HKDEUR""), IF($D38=""KRW"",'Data in Local Cu"&"rrency'!G38*GOOGLEFINANCE(""Currency:KRWEUR""),"""")))))))"),133.23302999999999) -> 133.23303 | O38: 493.22 | P38: 13.32 | Q38: 4.35 | R38: Não
A39: GENERALI ASSIC | B39: G IM Equity | C39: IT0000062072 | D39: Euro | E39: 3.8 | F39: 3.7 | G39: 3.5 | H39: N/A | I39: N/A | J39: N/A | K39: N/A | L39: =IFERROR(__xludf.DUMMYFUNCTION("IF($D39=""Euro"",'Data in Local Currency'!E39, IF($D39=""Dolar"",'Data in Local Currency'!E39*GOOGLEFINANCE(""Currency:USDEUR""), IF($D39=""Franco Suíço"",'Data in Local Currency'!E39*GOOGLEFINANCE(""Currency:CHFEUR""), IF($D39=""Libra Esterlina"", 'Data "&"in Local Currency'!E39*GOOGLEFINANCE(""Currency:GBPEUR""), IF($D39=""Iene"",'Data in Local Currency'!E39*GOOGLEFINANCE(""Currency:JPYEUR""), IF($D39=""HKD"",'Data in Local Currency'!E39*GOOGLEFINANCE(""Currency:HKDEUR""), IF($D39=""KRW"",'Data in Local Cu"&"rrency'!E39*GOOGLEFINANCE(""Currency:KRWEUR""),"""")))))))"),13.56) -> 13.56 | M39: ='Data in Local Currency'!F39 -> 1987 | N39: =IFERROR(__xludf.DUMMYFUNCTION("IF($D39=""Euro"",'Data in Local Currency'!G39, IF($D39=""Dolar"",'Data in Local Currency'!G39*GOOGLEFINANCE(""Currency:USDEUR""), IF($D39=""Franco Suíço"",'Data in Local Currency'!G39*GOOGLEFINANCE(""Currency:CHFEUR""), IF($D39=""Libra Esterlina"", 'Data "&"in Local Currency'!G39*GOOGLEFINANCE(""Currency:GBPEUR""), IF($D39=""Iene"",'Data in Local Currency'!G39*GOOGLEFINANCE(""Currency:JPYEUR""), IF($D39=""HKD"",'Data in Local Currency'!G39*GOOGLEFINANCE(""Currency:HKDEUR""), IF($D39=""KRW"",'Data in Local Cu"&"rrency'!G39*GOOGLEFINANCE(""Currency:KRWEUR""),"""")))))))"),14.53) -> 14.53 | O39: 18.82 | P39: 97.2 | R39: Sim | S39: 0
A40: DEUTSCHE BOERSE | B40: DB1 GY Equity | C40: DE0005810055 | D40: Euro | E40: 4.3 | F40: 4.3 | G40: 4 | H40: N/A | I40: N/A | J40: N/A | K40: N/A | L40: =IFERROR(__xludf.DUMMYFUNCTION("IF($D40=""Euro"",'Data in Local Currency'!E40, IF($D40=""Dolar"",'Data in Local Currency'!E40*GOOGLEFINANCE(""Currency:USDEUR""), IF($D40=""Franco Suíço"",'Data in Local Currency'!E40*GOOGLEFINANCE(""Currency:CHFEUR""), IF($D40=""Libra Esterlina"", 'Data "&"in Local Currency'!E40*GOOGLEFINANCE(""Currency:GBPEUR""), IF($D40=""Iene"",'Data in Local Currency'!E40*GOOGLEFINANCE(""Currency:JPYEUR""), IF($D40=""HKD"",'Data in Local Currency'!E40*GOOGLEFINANCE(""Currency:HKDEUR""), IF($D40=""KRW"",'Data in Local Cu"&"rrency'!E40*GOOGLEFINANCE(""Currency:KRWEUR""),"""")))))))"),31.8) -> 31.8 | M40: ='Data in Local Currency'!F40 -> 2001 | N40: =IFERROR(__xludf.DUMMYFUNCTION("IF($D40=""Euro"",'Data in Local Currency'!G40, IF($D40=""Dolar"",'Data in Local Currency'!G40*GOOGLEFINANCE(""Currency:USDEUR""), IF($D40=""Franco Suíço"",'Data in Local Currency'!G40*GOOGLEFINANCE(""Currency:CHFEUR""), IF($D40=""Libra Esterlina"", 'Data "&"in Local Currency'!G40*GOOGLEFINANCE(""Currency:GBPEUR""), IF($D40=""Iene"",'Data in Local Currency'!G40*GOOGLEFINANCE(""Currency:JPYEUR""), IF($D40=""HKD"",'Data in Local Currency'!G40*GOOGLEFINANCE(""Currency:HKDEUR""), IF($D40=""KRW"",'Data in Local Cu"&"rrency'!G40*GOOGLEFINANCE(""Currency:KRWEUR""),"""")))))))"),89.85) -> 89.85 | O40: 163.65 | P40: 4.63 | Q40: 2.04 | R40: Sim | S40: 1
A41: WABTEC CORP | B41: WAB US Equity | C41: US9297401088 | D41: Dolar | E41: 3.7 | F41: 3.5 | G41: 3.4 | H41: 2.6 | I41: 14 | J41: 61 | K41: 60 | L41: =IFERROR(__xludf.DUMMYFUNCTION("IF($D41=""Euro"",'Data in Local Currency'!E41, IF($D41=""Dolar"",'Data in Local Currency'!E41*GOOGLEFINANCE(""Currency:USDEUR""), IF($D41=""Franco Suíço"",'Data in Local Currency'!E41*GOOGLEFINANCE(""Currency:CHFEUR""), IF($D41=""Libra Esterlina"", 'Data "&"in Local Currency'!E41*GOOGLEFINANCE(""Currency:GBPEUR""), IF($D41=""Iene"",'Data in Local Currency'!E41*GOOGLEFINANCE(""Currency:JPYEUR""), IF($D41=""HKD"",'Data in Local Currency'!E41*GOOGLEFINANCE(""Currency:HKDEUR""), IF($D41=""KRW"",'Data in Local Cu"&"rrency'!E41*GOOGLEFINANCE(""Currency:KRWEUR""),"""")))))))"),8.508149999999999) -> 8.50815 | M41: ='Data in Local Currency'!F41 -> 1995 | N41: =IFERROR(__xludf.DUMMYFUNCTION("IF($D41=""Euro"",'Data in Local Currency'!G41, IF($D41=""Dolar"",'Data in Local Currency'!G41*GOOGLEFINANCE(""Currency:USDEUR""), IF($D41=""Franco Suíço"",'Data in Local Currency'!G41*GOOGLEFINANCE(""Currency:CHFEUR""), IF($D41=""Libra Esterlina"", 'Data "&"in Local Currency'!G41*GOOGLEFINANCE(""Currency:GBPEUR""), IF($D41=""Iene"",'Data in Local Currency'!G41*GOOGLEFINANCE(""Currency:JPYEUR""), IF($D41=""HKD"",'Data in Local Currency'!G41*GOOGLEFINANCE(""Currency:HKDEUR""), IF($D41=""KRW"",'Data in Local Cu"&"rrency'!G41*GOOGLEFINANCE(""Currency:KRWEUR""),"""")))))))"),77.162022) -> 77.162022 | O41: 86.32 | P41: 7.12 | Q41: 1.32 | R41: Não
A42: KOMATSU LTD | B42: 6301 JP Equity | C42: JP3304200003 | D42: Iene | E42: 4.1 | F42: 3.8 | G42: 3.4 | H42: 4.6 | I42: 40 | J42: 85 | K42: 77 | L42: =IFERROR(__xludf.DUMMYFUNCTION("IF($D42=""Euro"",'Data in Local Currency'!E42, IF($D42=""Dolar"",'Data in Local Currency'!E42*GOOGLEFINANCE(""Currency:USDEUR""), IF($D42=""Franco Suíço"",'Data in Local Currency'!E42*GOOGLEFINANCE(""Currency:CHFEUR""), IF($D42=""Libra Esterlina"", 'Data "&"in Local Currency'!E42*GOOGLEFINANCE(""Currency:GBPEUR""), IF($D42=""Iene"",'Data in Local Currency'!E42*GOOGLEFINANCE(""Currency:JPYEUR""), IF($D42=""HKD"",'Data in Local Currency'!E42*GOOGLEFINANCE(""Currency:HKDEUR""), IF($D42=""KRW"",'Data in Local Cu"&"rrency'!E42*GOOGLEFINANCE(""Currency:KRWEUR""),"""")))))))"),3.605966424) -> 3.6059664 | M42: ='Data in Local Currency'!F42 -> 2000 | N42: =IFERROR(__xludf.DUMMYFUNCTION("IF($D42=""Euro"",'Data in Local Currency'!G42, IF($D42=""Dolar"",'Data in Local Currency'!G42*GOOGLEFINANCE(""Currency:USDEUR""), IF($D42=""Franco Suíço"",'Data in Local Currency'!G42*GOOGLEFINANCE(""Currency:CHFEUR""), IF($D42=""Libra Esterlina"", 'Data "&"in Local Currency'!G42*GOOGLEFINANCE(""Currency:GBPEUR""), IF($D42=""Iene"",'Data in Local Currency'!G42*GOOGLEFINANCE(""Currency:JPYEUR""), IF($D42=""HKD"",'Data in Local Currency'!G42*GOOGLEFINANCE(""Currency:HKDEUR""), IF($D42=""KRW"",'Data in Local Cu"&"rrency'!G42*GOOGLEFINANCE(""Currency:KRWEUR""),"""")))))))"),22.051300848) -> 22.051301 | O42: 21.47 | P42: 16.14 | Q42: 2.24 | R42: Sim | S42: 1
A43: SAFHOLLAND SE | B43: SFQ GY Equity | C43: DE000SAFH001 | D43: Euro | E43: 3.7 | F43: 3.5 | G43: 3.3 | H43: N/A | I43: N/A | J43: N/A | K43: N/A | L43: =IFERROR(__xludf.DUMMYFUNCTION("IF($D43=""Euro"",'Data in Local Currency'!E43, IF($D43=""Dolar"",'Data in Local Currency'!E43*GOOGLEFINANCE(""Currency:USDEUR""), IF($D43=""Franco Suíço"",'Data in Local Currency'!E43*GOOGLEFINANCE(""Currency:CHFEUR""), IF($D43=""Libra Esterlina"", 'Data "&"in Local Currency'!E43*GOOGLEFINANCE(""Currency:GBPEUR""), IF($D43=""Iene"",'Data in Local Currency'!E43*GOOGLEFINANCE(""Currency:JPYEUR""), IF($D43=""HKD"",'Data in Local Currency'!E43*GOOGLEFINANCE(""Currency:HKDEUR""), IF($D43=""KRW"",'Data in Local Cu"&"rrency'!E43*GOOGLEFINANCE(""Currency:KRWEUR""),"""")))))))"),15.42) -> 15.42 | M43: ='Data in Local Currency'!F43 -> 2007 | N43: =IFERROR(__xludf.DUMMYFUNCTION("IF($D43=""Euro"",'Data in Local Currency'!G43, IF($D43=""Dolar"",'Data in Local Currency'!G43*GOOGLEFINANCE(""Currency:USDEUR""), IF($D43=""Franco Suíço"",'Data in Local Currency'!G43*GOOGLEFINANCE(""Currency:CHFEUR""), IF($D43=""Libra Esterlina"", 'Data "&"in Local Currency'!G43*GOOGLEFINANCE(""Currency:GBPEUR""), IF($D43=""Iene"",'Data in Local Currency'!G43*GOOGLEFINANCE(""Currency:JPYEUR""), IF($D43=""HKD"",'Data in Local Currency'!G43*GOOGLEFINANCE(""Currency:HKDEUR""), IF($D43=""KRW"",'Data in Local Cu"&"rrency'!G43*GOOGLEFINANCE(""Currency:KRWEUR""),"""")))))))"),15.86) -> 15.86 | O43: 8.36 | P43: 1.25 | Q43: 0.12 | R43: Sim | S43: 0
A44: ASTRAZENECA PLC | B44: AZN LN Equity | C44: GB0009895292 | D44: Libra Esterlina | E44: 4.1 | F44: 4.1 | G44: 3.7 | H44: 4.3 | I44: 40 | J44: 76 | K44: 72 | L44: =IFERROR(__xludf.DUMMYFUNCTION("IF($D44=""Euro"",'Data in Local Currency'!E44, IF($D44=""Dolar"",'Data in Local Currency'!E44*GOOGLEFINANCE(""Currency:USDEUR""), IF($D44=""Franco Suíço"",'Data in Local Currency'!E44*GOOGLEFINANCE(""Currency:CHFEUR""), IF($D44=""Libra Esterlina"", 'Data "&"in Local Currency'!E44*GOOGLEFINANCE(""Currency:GBPEUR""), IF($D44=""Iene"",'Data in Local Currency'!E44*GOOGLEFINANCE(""Currency:JPYEUR""), IF($D44=""HKD"",'Data in Local Currency'!E44*GOOGLEFINANCE(""Currency:HKDEUR""), IF($D44=""KRW"",'Data in Local Cu"&"rrency'!E44*GOOGLEFINANCE(""Currency:KRWEUR""),"""")))))))"),733.27875693105) -> 733.27876 | M44: ='Data in Local Currency'!F44 -> 1993 | N44: =IFERROR(__xludf.DUMMYFUNCTION("IF($D44=""Euro"",'Data in Local Currency'!G44, IF($D44=""Dolar"",'Data in Local Currency'!G44*GOOGLEFINANCE(""Currency:USDEUR""), IF($D44=""Franco Suíço"",'Data in Local Currency'!G44*GOOGLEFINANCE(""Currency:CHFEUR""), IF($D44=""Libra Esterlina"", 'Data "&"in Local Currency'!G44*GOOGLEFINANCE(""Currency:GBPEUR""), IF($D44=""Iene"",'Data in Local Currency'!G44*GOOGLEFINANCE(""Currency:JPYEUR""), IF($D44=""HKD"",'Data in Local Currency'!G44*GOOGLEFINANCE(""Currency:HKDEUR""), IF($D44=""KRW"",'Data in Local Cu"&"rrency'!G44*GOOGLEFINANCE(""Currency:KRWEUR""),"""")))))))"),5576.0928675375) -> 5576.0929 | O44: 11302.13 | P44: 34.08 | Q44: 6.91 | R44: Sim | S44: 3
A45: ABBOTT LABS | B45: ABT US Equity | C45: US0028241000 | D45: Dolar | E45: 3.9 | F45: 3.8 | G45: 3.4 | H45: 4.1 | I45: 25 | J45: 79 | K45: 69 | L45: =IFERROR(__xludf.DUMMYFUNCTION("IF($D45=""Euro"",'Data in Local Currency'!E45, IF($D45=""Dolar"",'Data in Local Currency'!E45*GOOGLEFINANCE(""Currency:USDEUR""), IF($D45=""Franco Suíço"",'Data in Local Currency'!E45*GOOGLEFINANCE(""Currency:CHFEUR""), IF($D45=""Libra Esterlina"", 'Data "&"in Local Currency'!E45*GOOGLEFINANCE(""Currency:GBPEUR""), IF($D45=""Iene"",'Data in Local Currency'!E45*GOOGLEFINANCE(""Currency:JPYEUR""), IF($D45=""HKD"",'Data in Local Currency'!E45*GOOGLEFINANCE(""Currency:HKDEUR""), IF($D45=""KRW"",'Data in Local Cu"&"rrency'!E45*GOOGLEFINANCE(""Currency:KRWEUR""),"""")))))))"),1.232532) -> 1.232532 | M45: ='Data in Local Currency'!F45 -> 1984 | N45: =IFERROR(__xludf.DUMMYFUNCTION("IF($D45=""Euro"",'Data in Local Currency'!G45, IF($D45=""Dolar"",'Data in Local Currency'!G45*GOOGLEFINANCE(""Currency:USDEUR""), IF($D45=""Franco Suíço"",'Data in Local Currency'!G45*GOOGLEFINANCE(""Currency:CHFEUR""), IF($D45=""Libra Esterlina"", 'Data "&"in Local Currency'!G45*GOOGLEFINANCE(""Currency:GBPEUR""), IF($D45=""Iene"",'Data in Local Currency'!G45*GOOGLEFINANCE(""Currency:JPYEUR""), IF($D45=""HKD"",'Data in Local Currency'!G45*GOOGLEFINANCE(""Currency:HKDEUR""), IF($D45=""KRW"",'Data in Local Cu"&"rrency'!G45*GOOGLEFINANCE(""Currency:KRWEUR""),"""")))))))"),40.140071999999996) -> 40.140072 | O45: 109.95 | P45: 39.23 | Q45: 11.6 | R45: Não
A46: DEUTSCHE POSTRG | B46: DPW GY Equity | C46: DE0005552004 | D46: Euro | E46: 4 | F46: 4 | G46: 3.6 | H46: 3.7 | I46: 19 | J46: 80 | K46: 63 | L46: =IFERROR(__xludf.DUMMYFUNCTION("IF($D46=""Euro"",'Data in Local Currency'!E46, IF($D46=""Dolar"",'Data in Local Currency'!E46*GOOGLEFINANCE(""Currency:USDEUR""), IF($D46=""Franco Suíço"",'Data in Local Currency'!E46*GOOGLEFINANCE(""Currency:CHFEUR""), IF($D46=""Libra Esterlina"", 'Data "&"in Local Currency'!E46*GOOGLEFINANCE(""Currency:GBPEUR""), IF($D46=""Iene"",'Data in Local Currency'!E46*GOOGLEFINANCE(""Currency:JPYEUR""), IF($D46=""HKD"",'Data in Local Currency'!E46*GOOGLEFINANCE(""Currency:HKDEUR""), IF($D46=""KRW"",'Data in Local Cu"&"rrency'!E46*GOOGLEFINANCE(""Currency:KRWEUR""),"""")))))))"),23.05) -> 23.05 | M46: ='Data in Local Currency'!F46 -> 2000 | N46: =IFERROR(__xludf.DUMMYFUNCTION("IF($D46=""Euro"",'Data in Local Currency'!G46, IF($D46=""Dolar"",'Data in Local Currency'!G46*GOOGLEFINANCE(""Currency:USDEUR""), IF($D46=""Franco Suíço"",'Data in Local Currency'!G46*GOOGLEFINANCE(""Currency:CHFEUR""), IF($D46=""Libra Esterlina"", 'Data "&"in Local Currency'!G46*GOOGLEFINANCE(""Currency:GBPEUR""), IF($D46=""Iene"",'Data in Local Currency'!G46*GOOGLEFINANCE(""Currency:JPYEUR""), IF($D46=""HKD"",'Data in Local Currency'!G46*GOOGLEFINANCE(""Currency:HKDEUR""), IF($D46=""KRW"",'Data in Local Cu"&"rrency'!G46*GOOGLEFINANCE(""Currency:KRWEUR""),"""")))))))"),33.0) -> 33 | O46: 45.91 | P46: 81.75 | Q46: 10.29 | R46: Sim | S46: 3
A47: BOSKALIS WESTMIN | B47: BOKA NA Equity | C47: NL0000852580 | D47: Euro | E47: 4.1 | F47: 3.7 | G47: 3.6 | H47: N/A | I47: N/A | J47: N/A | K47: N/A | L47: =IFERROR(__xludf.DUMMYFUNCTION("IF($D47=""Euro"",'Data in Local Currency'!E47, IF($D47=""Dolar"",'Data in Local Currency'!E47*GOOGLEFINANCE(""Currency:USDEUR""), IF($D47=""Franco Suíço"",'Data in Local Currency'!E47*GOOGLEFINANCE(""Currency:CHFEUR""), IF($D47=""Libra Esterlina"", 'Data "&"in Local Currency'!E47*GOOGLEFINANCE(""Currency:GBPEUR""), IF($D47=""Iene"",'Data in Local Currency'!E47*GOOGLEFINANCE(""Currency:JPYEUR""), IF($D47=""HKD"",'Data in Local Currency'!E47*GOOGLEFINANCE(""Currency:HKDEUR""), IF($D47=""KRW"",'Data in Local Cu"&"rrency'!E47*GOOGLEFINANCE(""Currency:KRWEUR""),"""")))))))"),10.58) -> 10.58 | M47: ='Data in Local Currency'!F47 -> 2001 | N47: =IFERROR(__xludf.DUMMYFUNCTION("IF($D47=""Euro"",'Data in Local Currency'!G47, IF($D47=""Dolar"",'Data in Local Currency'!G47*GOOGLEFINANCE(""Currency:USDEUR""), IF($D47=""Franco Suíço"",'Data in Local Currency'!G47*GOOGLEFINANCE(""Currency:CHFEUR""), IF($D47=""Libra Esterlina"", 'Data "&"in Local Currency'!G47*GOOGLEFINANCE(""Currency:GBPEUR""), IF($D47=""Iene"",'Data in Local Currency'!G47*GOOGLEFINANCE(""Currency:JPYEUR""), IF($D47=""HKD"",'Data in Local Currency'!G47*GOOGLEFINANCE(""Currency:HKDEUR""), IF($D47=""KRW"",'Data in Local Cu"&"rrency'!G47*GOOGLEFINANCE(""Currency:KRWEUR""),"""")))))))"),33.76) -> 33.76 | O47: 32.56 | P47: 2.96 | Q47: 0.43 | R47: Não
A48: AXA | B48: CS FP Equity | C48: FR0000120628 | D48: Euro | E48: 4 | F48: 3.9 | G48: 3.6 | H48: 3.5 | I48: 34 | J48: 77 | K48: 83 | L48: =IFERROR(__xludf.DUMMYFUNCTION("IF($D48=""Euro"",'Data in Local Currency'!E48, IF($D48=""Dolar"",'Data in Local Currency'!E48*GOOGLEFINANCE(""Currency:USDEUR""), IF($D48=""Franco Suíço"",'Data in Local Currency'!E48*GOOGLEFINANCE(""Currency:CHFEUR""), IF($D48=""Libra Esterlina"", 'Data "&"in Local Currency'!E48*GOOGLEFINANCE(""Currency:GBPEUR""), IF($D48=""Iene"",'Data in Local Currency'!E48*GOOGLEFINANCE(""Currency:JPYEUR""), IF($D48=""HKD"",'Data in Local Currency'!E48*GOOGLEFINANCE(""Currency:HKDEUR""), IF($D48=""KRW"",'Data in Local Cu"&"rrency'!E48*GOOGLEFINANCE(""Currency:KRWEUR""),"""")))))))"),6.2) -> 6.2 | M48: ='Data in Local Currency'!F48 -> 1990 | N48: =IFERROR(__xludf.DUMMYFUNCTION("IF($D48=""Euro"",'Data in Local Currency'!G48, IF($D48=""Dolar"",'Data in Local Currency'!G48*GOOGLEFINANCE(""Currency:USDEUR""), IF($D48=""Franco Suíço"",'Data in Local Currency'!G48*GOOGLEFINANCE(""Currency:CHFEUR""), IF($D48=""Libra Esterlina"", 'Data "&"in Local Currency'!G48*GOOGLEFINANCE(""Currency:GBPEUR""), IF($D48=""Iene"",'Data in Local Currency'!G48*GOOGLEFINANCE(""Currency:JPYEUR""), IF($D48=""HKD"",'Data in Local Currency'!G48*GOOGLEFINANCE(""Currency:HKDEUR""), IF($D48=""KRW"",'Data in Local Cu"&"rrency'!G48*GOOGLEFINANCE(""Currency:KRWEUR""),"""")))))))"),24.51) -> 24.51 | O48: 26 | P48: 100.52 | R48: Sim | S48: 5
A49: VISA INCCLASS A | B49: V US Equity | C49: US92826C8394 | D49: Dolar | E49: 4 | F49: 4 | G49: 3.6 | H49: 3.7 | I49: 21 | J49: 81 | K49: 65 | L49: =IFERROR(__xludf.DUMMYFUNCTION("IF($D49=""Euro"",'Data in Local Currency'!E49, IF($D49=""Dolar"",'Data in Local Currency'!E49*GOOGLEFINANCE(""Currency:USDEUR""), IF($D49=""Franco Suíço"",'Data in Local Currency'!E49*GOOGLEFINANCE(""Currency:CHFEUR""), IF($D49=""Libra Esterlina"", 'Data "&"in Local Currency'!E49*GOOGLEFINANCE(""Currency:GBPEUR""), IF($D49=""Iene"",'Data in Local Currency'!E49*GOOGLEFINANCE(""Currency:JPYEUR""), IF($D49=""HKD"",'Data in Local Currency'!E49*GOOGLEFINANCE(""Currency:HKDEUR""), IF($D49=""KRW"",'Data in Local Cu"&"rrency'!E49*GOOGLEFINANCE(""Currency:KRWEUR""),"""")))))))"),19.187027999999998) -> 19.187028 | M49: ='Data in Local Currency'!F49 -> 2008 | N49: =IFERROR(__xludf.DUMMYFUNCTION("IF($D49=""Euro"",'Data in Local Currency'!G49, IF($D49=""Dolar"",'Data in Local Currency'!G49*GOOGLEFINANCE(""Currency:USDEUR""), IF($D49=""Franco Suíço"",'Data in Local Currency'!G49*GOOGLEFINANCE(""Currency:CHFEUR""), IF($D49=""Libra Esterlina"", 'Data "&"in Local Currency'!G49*GOOGLEFINANCE(""Currency:GBPEUR""), IF($D49=""Iene"",'Data in Local Currency'!G49*GOOGLEFINANCE(""Currency:JPYEUR""), IF($D49=""HKD"",'Data in Local Currency'!G49*GOOGLEFINANCE(""Currency:HKDEUR""), IF($D49=""KRW"",'Data in Local Cu"&"rrency'!G49*GOOGLEFINANCE(""Currency:KRWEUR""),"""")))))))"),83.904156) -> 83.904156 | O49: 197.08 | P49: 21.96 | Q49: 15.15 | R49: Não
A50: PEARSON PLC | B50: PSON LN Equity | C50: GB0006776081 | D50: Libra Esterlina | E50: 3.8 | F50: 3.8 | G50: 3.3 | H50: 3.3 | I50: 5 | J50: 73 | K50: 71 | L50: =IFERROR(__xludf.DUMMYFUNCTION("IF($D50=""Euro"",'Data in Local Currency'!E50, IF($D50=""Dolar"",'Data in Local Currency'!E50*GOOGLEFINANCE(""Currency:USDEUR""), IF($D50=""Franco Suíço"",'Data in Local Currency'!E50*GOOGLEFINANCE(""Currency:CHFEUR""), IF($D50=""Libra Esterlina"", 'Data "&"in Local Currency'!E50*GOOGLEFINANCE(""Currency:GBPEUR""), IF($D50=""Iene"",'Data in Local Currency'!E50*GOOGLEFINANCE(""Currency:JPYEUR""), IF($D50=""HKD"",'Data in Local Currency'!E50*GOOGLEFINANCE(""Currency:HKDEUR""), IF($D50=""KRW"",'Data in Local Cu"&"rrency'!E50*GOOGLEFINANCE(""Currency:KRWEUR""),"""")))))))"),375.62725861319996) -> 375.62726 | M50: ='Data in Local Currency'!F50 -> 1988 | N50: =IFERROR(__xludf.DUMMYFUNCTION("IF($D50=""Euro"",'Data in Local Currency'!G50, IF($D50=""Dolar"",'Data in Local Currency'!G50*GOOGLEFINANCE(""Currency:USDEUR""), IF($D50=""Franco Suíço"",'Data in Local Currency'!G50*GOOGLEFINANCE(""Currency:CHFEUR""), IF($D50=""Libra Esterlina"", 'Data "&"in Local Currency'!G50*GOOGLEFINANCE(""Currency:GBPEUR""), IF($D50=""Iene"",'Data in Local Currency'!G50*GOOGLEFINANCE(""Currency:JPYEUR""), IF($D50=""HKD"",'Data in Local Currency'!G50*GOOGLEFINANCE(""Currency:HKDEUR""), IF($D50=""KRW"",'Data in Local Cu"&"rrency'!G50*GOOGLEFINANCE(""Currency:KRWEUR""),"""")))))))"),768.328483527) -> 768.32848 | O50: 920.32 | P50: 4.09 | Q50: 1.17 | R50: Sim | S50: 4
A51: BBVA | B51: BBVA SM Equity | C51: ES0113211835 | D51: Euro | E51: 4 | F51: 4 | G51: 3.7 | H51: 4.2 | I51: 16 | J51: 77 | K51: 74 | L51: =IFERROR(__xludf.DUMMYFUNCTION("IF($D51=""Euro"",'Data in Local Currency'!E51, IF($D51=""Dolar"",'Data in Local Currency'!E51*GOOGLEFINANCE(""Currency:USDEUR""), IF($D51=""Franco Suíço"",'Data in Local Currency'!E51*GOOGLEFINANCE(""Currency:CHFEUR""), IF($D51=""Libra Esterlina"", 'Data "&"in Local Currency'!E51*GOOGLEFINANCE(""Currency:GBPEUR""), IF($D51=""Iene"",'Data in Local Currency'!E51*GOOGLEFINANCE(""Currency:JPYEUR""), IF($D51=""HKD"",'Data in Local Currency'!E51*GOOGLEFINANCE(""Currency:HKDEUR""), IF($D51=""KRW"",'Data in Local Cu"&"rrency'!E51*GOOGLEFINANCE(""Currency:KRWEUR""),"""")))))))"),14.51) -> 14.51 | M51: ='Data in Local Currency'!F51 -> 2000 | N51: =IFERROR(__xludf.DUMMYFUNCTION("IF($D51=""Euro"",'Data in Local Currency'!G51, IF($D51=""Dolar"",'Data in Local Currency'!G51*GOOGLEFINANCE(""Currency:USDEUR""), IF($D51=""Franco Suíço"",'Data in Local Currency'!G51*GOOGLEFINANCE(""Currency:CHFEUR""), IF($D51=""Libra Esterlina"", 'Data "&"in Local Currency'!G51*GOOGLEFINANCE(""Currency:GBPEUR""), IF($D51=""Iene"",'Data in Local Currency'!G51*GOOGLEFINANCE(""Currency:JPYEUR""), IF($D51=""HKD"",'Data in Local Currency'!G51*GOOGLEFINANCE(""Currency:HKDEUR""), IF($D51=""KRW"",'Data in Local Cu"&"rrency'!G51*GOOGLEFINANCE(""Currency:KRWEUR""),"""")))))))"),7.35) -> 7.35 | O51: 5.2 | P51: 23.19 | R51: Sim | S51: 5
A52: AVIVA PLC | B52: AV/ LN Equity | C52: GB0002162385 | D52: Libra Esterlina | E52: 3.6 | F52: 3.6 | G52: 3.1 | H52: N/A | I52: N/A | J52: N/A | K52: N/A | L52: =IFERROR(__xludf.DUMMYFUNCTION("IF($D52=""Euro"",'Data in Local Currency'!E52, IF($D52=""Dolar"",'Data in Local Currency'!E52*GOOGLEFINANCE(""Currency:USDEUR""), IF($D52=""Franco Suíço"",'Data in Local Currency'!E52*GOOGLEFINANCE(""Currency:CHFEUR""), IF($D52=""Libra Esterlina"", 'Data "&"in Local Currency'!E52*GOOGLEFINANCE(""Currency:GBPEUR""), IF($D52=""Iene"",'Data in Local Currency'!E52*GOOGLEFINANCE(""Currency:JPYEUR""), IF($D52=""HKD"",'Data in Local Currency'!E52*GOOGLEFINANCE(""Currency:HKDEUR""), IF($D52=""KRW"",'Data in Local Cu"&"rrency'!E52*GOOGLEFINANCE(""Currency:KRWEUR""),"""")))))))"),360.52521518111996) -> 360.52522 | M52: ='Data in Local Currency'!F52 -> 1988 | N52: =IFERROR(__xludf.DUMMYFUNCTION("IF($D52=""Euro"",'Data in Local Currency'!G52, IF($D52=""Dolar"",'Data in Local Currency'!G52*GOOGLEFINANCE(""Currency:USDEUR""), IF($D52=""Franco Suíço"",'Data in Local Currency'!G52*GOOGLEFINANCE(""Currency:CHFEUR""), IF($D52=""Libra Esterlina"", 'Data "&"in Local Currency'!G52*GOOGLEFINANCE(""Currency:GBPEUR""), IF($D52=""Iene"",'Data in Local Currency'!G52*GOOGLEFINANCE(""Currency:JPYEUR""), IF($D52=""HKD"",'Data in Local Currency'!G52*GOOGLEFINANCE(""Currency:HKDEUR""), IF($D52=""KRW"",'Data in Local Cu"&"rrency'!G52*GOOGLEFINANCE(""Currency:KRWEUR""),"""")))))))"),630.6546003285) -> 630.6546 | O52: 520.25 | P52: 38.12 | R52: Sim | S52: 5
A53: DUERR AG | B53: DUE GY Equity | C53: DE0005565204 | D53: Euro | E53: 4.1 | F53: 3.8 | G53: 3.4 | H53: N/A | I53: N/A | J53: N/A | K53: N/A | L53: =IFERROR(__xludf.DUMMYFUNCTION("IF($D53=""Euro"",'Data in Local Currency'!E53, IF($D53=""Dolar"",'Data in Local Currency'!E53*GOOGLEFINANCE(""Currency:USDEUR""), IF($D53=""Franco Suíço"",'Data in Local Currency'!E53*GOOGLEFINANCE(""Currency:CHFEUR""), IF($D53=""Libra Esterlina"", 'Data "&"in Local Currency'!E53*GOOGLEFINANCE(""Currency:GBPEUR""), IF($D53=""Iene"",'Data in Local Currency'!E53*GOOGLEFINANCE(""Currency:JPYEUR""), IF($D53=""HKD"",'Data in Local Currency'!E53*GOOGLEFINANCE(""Currency:HKDEUR""), IF($D53=""KRW"",'Data in Local Cu"&"rrency'!E53*GOOGLEFINANCE(""Currency:KRWEUR""),"""")))))))"),7.41) -> 7.41 | M53: ='Data in Local Currency'!F53 -> 1998 | N53: =IFERROR(__xludf.DUMMYFUNCTION("IF($D53=""Euro"",'Data in Local Currency'!G53, IF($D53=""Dolar"",'Data in Local Currency'!G53*GOOGLEFINANCE(""Currency:USDEUR""), IF($D53=""Franco Suíço"",'Data in Local Currency'!G53*GOOGLEFINANCE(""Currency:CHFEUR""), IF($D53=""Libra Esterlina"", 'Data "&"in Local Currency'!G53*GOOGLEFINANCE(""Currency:GBPEUR""), IF($D53=""Iene"",'Data in Local Currency'!G53*GOOGLEFINANCE(""Currency:JPYEUR""), IF($D53=""HKD"",'Data in Local Currency'!G53*GOOGLEFINANCE(""Currency:HKDEUR""), IF($D53=""KRW"",'Data in Local Cu"&"rrency'!G53*GOOGLEFINANCE(""Currency:KRWEUR""),"""")))))))"),45.75) -> 45.75 | O53: 31.7 | P53: 3.54 | Q53: 0.28 | R53: Sim | S53: 0
A54: TRIPADVISOR INC | B54: TRIP US Equity | C54: US8969452015 | D54: Dolar | E54: 3.8 | F54: 3.9 | G54: 3.4 | H54: 4.2 | I54: 8 | J54: 72 | K54: 69 | L54: =IFERROR(__xludf.DUMMYFUNCTION("IF($D54=""Euro"",'Data in Local Currency'!E54, IF($D54=""Dolar"",'Data in Local Currency'!E54*GOOGLEFINANCE(""Currency:USDEUR""), IF($D54=""Franco Suíço"",'Data in Local Currency'!E54*GOOGLEFINANCE(""Currency:CHFEUR""), IF($D54=""Libra Esterlina"", 'Data "&"in Local Currency'!E54*GOOGLEFINANCE(""Currency:GBPEUR""), IF($D54=""Iene"",'Data in Local Currency'!E54*GOOGLEFINANCE(""Currency:JPYEUR""), IF($D54=""HKD"",'Data in Local Currency'!E54*GOOGLEFINANCE(""Currency:HKDEUR""), IF($D54=""KRW"",'Data in Local Cu"&"rrency'!E54*GOOGLEFINANCE(""Currency:KRWEUR""),"""")))))))"),30.270617999999995) -> 30.270618 | M54: ='Data in Local Currency'!F54 -> 2012 | N54: =IFERROR(__xludf.DUMMYFUNCTION("IF($D54=""Euro"",'Data in Local Currency'!G54, IF($D54=""Dolar"",'Data in Local Currency'!G54*GOOGLEFINANCE(""Currency:USDEUR""), IF($D54=""Franco Suíço"",'Data in Local Currency'!G54*GOOGLEFINANCE(""Currency:CHFEUR""), IF($D54=""Libra Esterlina"", 'Data "&"in Local Currency'!G54*GOOGLEFINANCE(""Currency:GBPEUR""), IF($D54=""Iene"",'Data in Local Currency'!G54*GOOGLEFINANCE(""Currency:JPYEUR""), IF($D54=""HKD"",'Data in Local Currency'!G54*GOOGLEFINANCE(""Currency:HKDEUR""), IF($D54=""KRW"",'Data in Local Cu"&"rrency'!G54*GOOGLEFINANCE(""Currency:KRWEUR""),"""")))))))"),41.400197999999996) -> 41.400198 | O54: 23.37 | P54: 0.82 | Q54: 0.03 | R54: Não
A55: KENDRION NV | B55: KENDR NA Equity | C55: NL0000852531 | D55: Euro | E55: 3.7 | F55: 3.1 | G55: 2.6 | H55: N/A | I55: N/A | J55: N/A | K55: N/A | L55: =IFERROR(__xludf.DUMMYFUNCTION("IF($D55=""Euro"",'Data in Local Currency'!E55, IF($D55=""Dolar"",'Data in Local Currency'!E55*GOOGLEFINANCE(""Currency:USDEUR""), IF($D55=""Franco Suíço"",'Data in Local Currency'!E55*GOOGLEFINANCE(""Currency:CHFEUR""), IF($D55=""Libra Esterlina"", 'Data "&"in Local Currency'!E55*GOOGLEFINANCE(""Currency:GBPEUR""), IF($D55=""Iene"",'Data in Local Currency'!E55*GOOGLEFINANCE(""Currency:JPYEUR""), IF($D55=""HKD"",'Data in Local Currency'!E55*GOOGLEFINANCE(""Currency:HKDEUR""), IF($D55=""KRW"",'Data in Local Cu"&"rrency'!E55*GOOGLEFINANCE(""Currency:KRWEUR""),"""")))))))"),96.49) -> 96.49 | M55: ='Data in Local Currency'!F55 -> 2000 | N55: =IFERROR(__xludf.DUMMYFUNCTION("IF($D55=""Euro"",'Data in Local Currency'!G55, IF($D55=""Dolar"",'Data in Local Currency'!G55*GOOGLEFINANCE(""Currency:USDEUR""), IF($D55=""Franco Suíço"",'Data in Local Currency'!G55*GOOGLEFINANCE(""Currency:CHFEUR""), IF($D55=""Libra Esterlina"", 'Data "&"in Local Currency'!G55*GOOGLEFINANCE(""Currency:GBPEUR""), IF($D55=""Iene"",'Data in Local Currency'!G55*GOOGLEFINANCE(""Currency:JPYEUR""), IF($D55=""HKD"",'Data in Local Currency'!G55*GOOGLEFINANCE(""Currency:HKDEUR""), IF($D55=""KRW"",'Data in Local Cu"&"rrency'!G55*GOOGLEFINANCE(""Currency:KRWEUR""),"""")))))))"),32.78) -> 32.78 | O55: 19.9 | P55: 0.46 | Q55: 0.06 | R55: Sim | S55: 0
A56: BNP PARIBAS | B56: BNP FP Equity | C56: FR0000131104 | D56: Euro | E56: 3.9 | F56: 3.8 | G56: 3.4 | H56: 2.8 | I56: 21 | J56: 68 | K56: 64 | L56: =IFERROR(__xludf.DUMMYFUNCTION("IF($D56=""Euro"",'Data in Local Currency'!E56, IF($D56=""Dolar"",'Data in Local Currency'!E56*GOOGLEFINANCE(""Currency:USDEUR""), IF($D56=""Franco Suíço"",'Data in Local Currency'!E56*GOOGLEFINANCE(""Currency:CHFEUR""), IF($D56=""Libra Esterlina"", 'Data "&"in Local Currency'!E56*GOOGLEFINANCE(""Currency:GBPEUR""), IF($D56=""Iene"",'Data in Local Currency'!E56*GOOGLEFINANCE(""Currency:JPYEUR""), IF($D56=""HKD"",'Data in Local Currency'!E56*GOOGLEFINANCE(""Currency:HKDEUR""), IF($D56=""KRW"",'Data in Local Cu"&"rrency'!E56*GOOGLEFINANCE(""Currency:KRWEUR""),"""")))))))"),20.98) -> 20.98 | M56: ='Data in Local Currency'!F56 -> 1993 | N56: =IFERROR(__xludf.DUMMYFUNCTION("IF($D56=""Euro"",'Data in Local Currency'!G56, IF($D56=""Dolar"",'Data in Local Currency'!G56*GOOGLEFINANCE(""Currency:USDEUR""), IF($D56=""Franco Suíço"",'Data in Local Currency'!G56*GOOGLEFINANCE(""Currency:CHFEUR""), IF($D56=""Libra Esterlina"", 'Data "&"in Local Currency'!G56*GOOGLEFINANCE(""Currency:GBPEUR""), IF($D56=""Iene"",'Data in Local Currency'!G56*GOOGLEFINANCE(""Currency:JPYEUR""), IF($D56=""HKD"",'Data in Local Currency'!G56*GOOGLEFINANCE(""Currency:HKDEUR""), IF($D56=""KRW"",'Data in Local Cu"&"rrency'!G56*GOOGLEFINANCE(""Currency:KRWEUR""),"""")))))))"),64.78) -> 64.78 | O56: 53.6 | P56: 51.99 | R56: Sim | S56: 6
A57: SIXT SEPRFD | B57: SIX3 GY Equity | C57: DE0007231334 | D57: Euro | E57: 3.6 | F57: 3.5 | G57: 3.3 | H57: 2.2 | I57: 100 | J57: 43 | K57: 55 | L57: =IFERROR(__xludf.DUMMYFUNCTION("IF($D57=""Euro"",'Data in Local Currency'!E57, IF($D57=""Dolar"",'Data in Local Currency'!E57*GOOGLEFINANCE(""Currency:USDEUR""), IF($D57=""Franco Suíço"",'Data in Local Currency'!E57*GOOGLEFINANCE(""Currency:CHFEUR""), IF($D57=""Libra Esterlina"", 'Data "&"in Local Currency'!E57*GOOGLEFINANCE(""Currency:GBPEUR""), IF($D57=""Iene"",'Data in Local Currency'!E57*GOOGLEFINANCE(""Currency:JPYEUR""), IF($D57=""HKD"",'Data in Local Currency'!E57*GOOGLEFINANCE(""Currency:HKDEUR""), IF($D57=""KRW"",'Data in Local Cu"&"rrency'!E57*GOOGLEFINANCE(""Currency:KRWEUR""),"""")))))))"),24.54) -> 24.54 | M57: ='Data in Local Currency'!F57 -> 1998 | N57: =IFERROR(__xludf.DUMMYFUNCTION("IF($D57=""Euro"",'Data in Local Currency'!G57, IF($D57=""Dolar"",'Data in Local Currency'!G57*GOOGLEFINANCE(""Currency:USDEUR""), IF($D57=""Franco Suíço"",'Data in Local Currency'!G57*GOOGLEFINANCE(""Currency:CHFEUR""), IF($D57=""Libra Esterlina"", 'Data "&"in Local Currency'!G57*GOOGLEFINANCE(""Currency:GBPEUR""), IF($D57=""Iene"",'Data in Local Currency'!G57*GOOGLEFINANCE(""Currency:JPYEUR""), IF($D57=""HKD"",'Data in Local Currency'!G57*GOOGLEFINANCE(""Currency:HKDEUR""), IF($D57=""KRW"",'Data in Local Cu"&"rrency'!G57*GOOGLEFINANCE(""Currency:KRWEUR""),"""")))))))"),41.02) -> 41.02 | O57: 75 | P57: 2.28 | Q57: 0.85 | R57: Não
A58: NATURGY ENERGY | B58: NTGY SM Equity | C58: ES0116870314 | D58: Euro | E58: 3.8 | F58: 3.6 | G58: 3.3 | H58: N/A | I58: N/A | J58: N/A | K58: N/A | L58: =IFERROR(__xludf.DUMMYFUNCTION("IF($D58=""Euro"",'Data in Local Currency'!E58, IF($D58=""Dolar"",'Data in Local Currency'!E58*GOOGLEFINANCE(""Currency:USDEUR""), IF($D58=""Franco Suíço"",'Data in Local Currency'!E58*GOOGLEFINANCE(""Currency:CHFEUR""), IF($D58=""Libra Esterlina"", 'Data "&"in Local Currency'!E58*GOOGLEFINANCE(""Currency:GBPEUR""), IF($D58=""Iene"",'Data in Local Currency'!E58*GOOGLEFINANCE(""Currency:JPYEUR""), IF($D58=""HKD"",'Data in Local Currency'!E58*GOOGLEFINANCE(""Currency:HKDEUR""), IF($D58=""KRW"",'Data in Local Cu"&"rrency'!E58*GOOGLEFINANCE(""Currency:KRWEUR""),"""")))))))"),17.79) -> 17.79 | M58: ='Data in Local Currency'!F58 -> 2000 | N58: =IFERROR(__xludf.DUMMYFUNCTION("IF($D58=""Euro"",'Data in Local Currency'!G58, IF($D58=""Dolar"",'Data in Local Currency'!G58*GOOGLEFINANCE(""Currency:USDEUR""), IF($D58=""Franco Suíço"",'Data in Local Currency'!G58*GOOGLEFINANCE(""Currency:CHFEUR""), IF($D58=""Libra Esterlina"", 'Data "&"in Local Currency'!G58*GOOGLEFINANCE(""Currency:GBPEUR""), IF($D58=""Iene"",'Data in Local Currency'!G58*GOOGLEFINANCE(""Currency:JPYEUR""), IF($D58=""HKD"",'Data in Local Currency'!G58*GOOGLEFINANCE(""Currency:HKDEUR""), IF($D58=""KRW"",'Data in Local Cu"&"rrency'!G58*GOOGLEFINANCE(""Currency:KRWEUR""),"""")))))))"),20.76) -> 20.76 | O58: 25.15 | P58: 22.14 | Q58: 3.61 | R58: Sim | S58: 3
A59: CENTRAL JAPAN RL | B59: 9022 JP Equity | C59: JP3566800003 | D59: Iene | E59: 2.9 | F59: 2.9 | G59: 2.6 | H59: N/A | I59: N/A | J59: N/A | K59: N/A | L59: =IFERROR(__xludf.DUMMYFUNCTION("IF($D59=""Euro"",'Data in Local Currency'!E59, IF($D59=""Dolar"",'Data in Local Currency'!E59*GOOGLEFINANCE(""Currency:USDEUR""), IF($D59=""Franco Suíço"",'Data in Local Currency'!E59*GOOGLEFINANCE(""Currency:CHFEUR""), IF($D59=""Libra Esterlina"", 'Data "&"in Local Currency'!E59*GOOGLEFINANCE(""Currency:GBPEUR""), IF($D59=""Iene"",'Data in Local Currency'!E59*GOOGLEFINANCE(""Currency:JPYEUR""), IF($D59=""HKD"",'Data in Local Currency'!E59*GOOGLEFINANCE(""Currency:HKDEUR""), IF($D59=""KRW"",'Data in Local Cu"&"rrency'!E59*GOOGLEFINANCE(""Currency:KRWEUR""),"""")))))))"),51.78939432) -> 51.789394 | M59: ='Data in Local Currency'!F59 -> 2001 | N59: =IFERROR(__xludf.DUMMYFUNCTION("IF($D59=""Euro"",'Data in Local Currency'!G59, IF($D59=""Dolar"",'Data in Local Currency'!G59*GOOGLEFINANCE(""Currency:USDEUR""), IF($D59=""Franco Suíço"",'Data in Local Currency'!G59*GOOGLEFINANCE(""Currency:CHFEUR""), IF($D59=""Libra Esterlina"", 'Data "&"in Local Currency'!G59*GOOGLEFINANCE(""Currency:GBPEUR""), IF($D59=""Iene"",'Data in Local Currency'!G59*GOOGLEFINANCE(""Currency:JPYEUR""), IF($D59=""HKD"",'Data in Local Currency'!G59*GOOGLEFINANCE(""Currency:HKDEUR""), IF($D59=""KRW"",'Data in Local Cu"&"rrency'!G59*GOOGLEFINANCE(""Currency:KRWEUR""),"""")))))))"),138.63679554) -> 138.6368 | O59: 121.41 | P59: 6.07 | Q59: 0.11 | R59: Não
A60: VODAFONE GROUP | B60: VOD LN Equity | C60: GB00BH4HKS39 | D60: Libra Esterlina | E60: 4 | F60: 4 | G60: 3.5 | H60: 3.7 | I60: 3 | J60: 70 | K60: 75 | L60: =IFERROR(__xludf.DUMMYFUNCTION("IF($D60=""Euro"",'Data in Local Currency'!E60, IF($D60=""Dolar"",'Data in Local Currency'!E60*GOOGLEFINANCE(""Currency:USDEUR""), IF($D60=""Franco Suíço"",'Data in Local Currency'!E60*GOOGLEFINANCE(""Currency:CHFEUR""), IF($D60=""Libra Esterlina"", 'Data "&"in Local Currency'!E60*GOOGLEFINANCE(""Currency:GBPEUR""), IF($D60=""Iene"",'Data in Local Currency'!E60*GOOGLEFINANCE(""Currency:JPYEUR""), IF($D60=""HKD"",'Data in Local Currency'!E60*GOOGLEFINANCE(""Currency:HKDEUR""), IF($D60=""KRW"",'Data in Local Cu"&"rrency'!E60*GOOGLEFINANCE(""Currency:KRWEUR""),"""")))))))"),17.57897093766) -> 17.578971 | M60: ='Data in Local Currency'!F60 -> 1988 | N60: =IFERROR(__xludf.DUMMYFUNCTION("IF($D60=""Euro"",'Data in Local Currency'!G60, IF($D60=""Dolar"",'Data in Local Currency'!G60*GOOGLEFINANCE(""Currency:USDEUR""), IF($D60=""Franco Suíço"",'Data in Local Currency'!G60*GOOGLEFINANCE(""Currency:CHFEUR""), IF($D60=""Libra Esterlina"", 'Data "&"in Local Currency'!G60*GOOGLEFINANCE(""Currency:GBPEUR""), IF($D60=""Iene"",'Data in Local Currency'!G60*GOOGLEFINANCE(""Currency:JPYEUR""), IF($D60=""HKD"",'Data in Local Currency'!G60*GOOGLEFINANCE(""Currency:HKDEUR""), IF($D60=""KRW"",'Data in Local Cu"&"rrency'!G60*GOOGLEFINANCE(""Currency:KRWEUR""),"""")))))))"),239.33612620665002) -> 239.33613 | O60: 149.92 | P60: 43.81 | Q60: 16.64 | R60: Sim | S60: 3
A61: DALATA HOTEL GRO | B61: DHG ID Equity | C61: IE00BJMZDW83 | D61: Euro | E61: 4.1 | F61: 4.1 | G61: 4.1 | H61: N/A | I61: N/A | J61: N/A | K61: N/A | L61: =IFERROR(__xludf.DUMMYFUNCTION("IF($D61=""Euro"",'Data in Local Currency'!E61, IF($D61=""Dolar"",'Data in Local Currency'!E61*GOOGLEFINANCE(""Currency:USDEUR""), IF($D61=""Franco Suíço"",'Data in Local Currency'!E61*GOOGLEFINANCE(""Currency:CHFEUR""), IF($D61=""Libra Esterlina"", 'Data "&"in Local Currency'!E61*GOOGLEFINANCE(""Currency:GBPEUR""), IF($D61=""Iene"",'Data in Local Currency'!E61*GOOGLEFINANCE(""Currency:JPYEUR""), IF($D61=""HKD"",'Data in Local Currency'!E61*GOOGLEFINANCE(""Currency:HKDEUR""), IF($D61=""KRW"",'Data in Local Cu"&"rrency'!E61*GOOGLEFINANCE(""Currency:KRWEUR""),"""")))))))"),2.79) -> 2.79 | M61: ='Data in Local Currency'!F61 -> 2014 | N61: =IFERROR(__xludf.DUMMYFUNCTION("IF($D61=""Euro"",'Data in Local Currency'!G61, IF($D61=""Dolar"",'Data in Local Currency'!G61*GOOGLEFINANCE(""Currency:USDEUR""), IF($D61=""Franco Suíço"",'Data in Local Currency'!G61*GOOGLEFINANCE(""Currency:CHFEUR""), IF($D61=""Libra Esterlina"", 'Data "&"in Local Currency'!G61*GOOGLEFINANCE(""Currency:GBPEUR""), IF($D61=""Iene"",'Data in Local Currency'!G61*GOOGLEFINANCE(""Currency:JPYEUR""), IF($D61=""HKD"",'Data in Local Currency'!G61*GOOGLEFINANCE(""Currency:HKDEUR""), IF($D61=""KRW"",'Data in Local Cu"&"rrency'!G61*GOOGLEFINANCE(""Currency:KRWEUR""),"""")))))))"),4.94) -> 4.94 | O61: 3.84 | P61: 0.19 | Q61: 0.01 | R61: Não
A62: MAPFRE SA | B62: MAP SM Equity | C62: ES0124244E34 | D62: Euro | E62: 3.8 | F62: 3.8 | G62: 3.4 | H62: 2.8 | I62: 10 | J62: 63 | K62: 60 | L62: =IFERROR(__xludf.DUMMYFUNCTION("IF($D62=""Euro"",'Data in Local Currency'!E62, IF($D62=""Dolar"",'Data in Local Currency'!E62*GOOGLEFINANCE(""Currency:USDEUR""), IF($D62=""Franco Suíço"",'Data in Local Currency'!E62*GOOGLEFINANCE(""Currency:CHFEUR""), IF($D62=""Libra Esterlina"", 'Data "&"in Local Currency'!E62*GOOGLEFINANCE(""Currency:GBPEUR""), IF($D62=""Iene"",'Data in Local Currency'!E62*GOOGLEFINANCE(""Currency:JPYEUR""), IF($D62=""HKD"",'Data in Local Currency'!E62*GOOGLEFINANCE(""Currency:HKDEUR""), IF($D62=""KRW"",'Data in Local Cu"&"rrency'!E62*GOOGLEFINANCE(""Currency:KRWEUR""),"""")))))))"),1.2049) -> 1.2049 | M62: ='Data in Local Currency'!F62 -> 2001 | N62: =IFERROR(__xludf.DUMMYFUNCTION("IF($D62=""Euro"",'Data in Local Currency'!G62, IF($D62=""Dolar"",'Data in Local Currency'!G62*GOOGLEFINANCE(""Currency:USDEUR""), IF($D62=""Franco Suíço"",'Data in Local Currency'!G62*GOOGLEFINANCE(""Currency:CHFEUR""), IF($D62=""Libra Esterlina"", 'Data "&"in Local Currency'!G62*GOOGLEFINANCE(""Currency:GBPEUR""), IF($D62=""Iene"",'Data in Local Currency'!G62*GOOGLEFINANCE(""Currency:JPYEUR""), IF($D62=""HKD"",'Data in Local Currency'!G62*GOOGLEFINANCE(""Currency:HKDEUR""), IF($D62=""KRW"",'Data in Local Cu"&"rrency'!G62*GOOGLEFINANCE(""Currency:KRWEUR""),"""")))))))"),3.204) -> 3.204 | O62: 1.89 | P62: 19.72 | Q62: 1.55 | R62: Sim | S62: 1
A63: PROSIEBENSAT.1 M | B63: PSM GY Equity | C63: DE000PSM7770 | D63: Euro | E63: 3.9 | F63: 3.9 | G63: 3.2 | H63: N/A | I63: N/A | J63: N/A | K63: N/A | L63: =IFERROR(__xludf.DUMMYFUNCTION("IF($D63=""Euro"",'Data in Local Currency'!E63, IF($D63=""Dolar"",'Data in Local Currency'!E63*GOOGLEFINANCE(""Currency:USDEUR""), IF($D63=""Franco Suíço"",'Data in Local Currency'!E63*GOOGLEFINANCE(""Currency:CHFEUR""), IF($D63=""Libra Esterlina"", 'Data "&"in Local Currency'!E63*GOOGLEFINANCE(""Currency:GBPEUR""), IF($D63=""Iene"",'Data in Local Currency'!E63*GOOGLEFINANCE(""Currency:JPYEUR""), IF($D63=""HKD"",'Data in Local Currency'!E63*GOOGLEFINANCE(""Currency:HKDEUR""), IF($D63=""KRW"",'Data in Local Cu"&"rrency'!E63*GOOGLEFINANCE(""Currency:KRWEUR""),"""")))))))"),17.12) -> 17.12 | M63: ='Data in Local Currency'!F63 -> 2001 | N63: =IFERROR(__xludf.DUMMYFUNCTION("IF($D63=""Euro"",'Data in Local Currency'!G63, IF($D63=""Dolar"",'Data in Local Currency'!G63*GOOGLEFINANCE(""Currency:USDEUR""), IF($D63=""Franco Suíço"",'Data in Local Currency'!G63*GOOGLEFINANCE(""Currency:CHFEUR""), IF($D63=""Libra Esterlina"", 'Data "&"in Local Currency'!G63*GOOGLEFINANCE(""Currency:GBPEUR""), IF($D63=""Iene"",'Data in Local Currency'!G63*GOOGLEFINANCE(""Currency:JPYEUR""), IF($D63=""HKD"",'Data in Local Currency'!G63*GOOGLEFINANCE(""Currency:HKDEUR""), IF($D63=""KRW"",'Data in Local Cu"&"rrency'!G63*GOOGLEFINANCE(""Currency:KRWEUR""),"""")))))))"),38.99) -> 38.99 | O63: 12.05 | P63: 4.49 | Q63: 0.83 | R63: Sim | S63: 0
A64: SOLUTIONS 30 SE | B64: S30 FP Equity | C64: FR0013379484 | D64: Euro | E64: 2.4 | F64: 2 | G64: 2.4 | H64: N/A | I64: N/A | J64: N/A | K64: N/A | L64: =IFERROR(__xludf.DUMMYFUNCTION("IF($D64=""Euro"",'Data in Local Currency'!E64, IF($D64=""Dolar"",'Data in Local Currency'!E64*GOOGLEFINANCE(""Currency:USDEUR""), IF($D64=""Franco Suíço"",'Data in Local Currency'!E64*GOOGLEFINANCE(""Currency:CHFEUR""), IF($D64=""Libra Esterlina"", 'Data "&"in Local Currency'!E64*GOOGLEFINANCE(""Currency:GBPEUR""), IF($D64=""Iene"",'Data in Local Currency'!E64*GOOGLEFINANCE(""Currency:JPYEUR""), IF($D64=""HKD"",'Data in Local Currency'!E64*GOOGLEFINANCE(""Currency:HKDEUR""), IF($D64=""KRW"",'Data in Local Cu"&"rrency'!E64*GOOGLEFINANCE(""Currency:KRWEUR""),"""")))))))"),0.09) -> 0.09 | M64: ='Data in Local Currency'!F64 -> 2006 | N64: =IFERROR(__xludf.DUMMYFUNCTION("IF($D64=""Euro"",'Data in Local Currency'!G64, IF($D64=""Dolar"",'Data in Local Currency'!G64*GOOGLEFINANCE(""Currency:USDEUR""), IF($D64=""Franco Suíço"",'Data in Local Currency'!G64*GOOGLEFINANCE(""Currency:CHFEUR""), IF($D64=""Libra Esterlina"", 'Data "&"in Local Currency'!G64*GOOGLEFINANCE(""Currency:GBPEUR""), IF($D64=""Iene"",'Data in Local Currency'!G64*GOOGLEFINANCE(""Currency:JPYEUR""), IF($D64=""HKD"",'Data in Local Currency'!G64*GOOGLEFINANCE(""Currency:HKDEUR""), IF($D64=""KRW"",'Data in Local Cu"&"rrency'!G64*GOOGLEFINANCE(""Currency:KRWEUR""),"""")))))))"),4.55) -> 4.55 | O64: 8.05 | P64: 0.87 | R64: Sim | S64: 0
A65: BOOKING HOLDINGS | B65: BKNG US Equity | C65: US09857L1089 | D65: Dolar | E65: 3.4 | F65: 3 | G65: 3.1 | H65: N/A | I65: N/A | J65: N/A | K65: N/A | L65: =IFERROR(__xludf.DUMMYFUNCTION("IF($D65=""Euro"",'Data in Local Currency'!E65, IF($D65=""Dolar"",'Data in Local Currency'!E65*GOOGLEFINANCE(""Currency:USDEUR""), IF($D65=""Franco Suíço"",'Data in Local Currency'!E65*GOOGLEFINANCE(""Currency:CHFEUR""), IF($D65=""Libra Esterlina"", 'Data "&"in Local Currency'!E65*GOOGLEFINANCE(""Currency:GBPEUR""), IF($D65=""Iene"",'Data in Local Currency'!E65*GOOGLEFINANCE(""Currency:JPYEUR""), IF($D65=""HKD"",'Data in Local Currency'!E65*GOOGLEFINANCE(""Currency:HKDEUR""), IF($D65=""KRW"",'Data in Local Cu"&"rrency'!E65*GOOGLEFINANCE(""Currency:KRWEUR""),"""")))))))"),896.11515) -> 896.11515 | M65: ='Data in Local Currency'!F65 -> 1999 | N65: =IFERROR(__xludf.DUMMYFUNCTION("IF($D65=""Euro"",'Data in Local Currency'!G65, IF($D65=""Dolar"",'Data in Local Currency'!G65*GOOGLEFINANCE(""Currency:USDEUR""), IF($D65=""Franco Suíço"",'Data in Local Currency'!G65*GOOGLEFINANCE(""Currency:CHFEUR""), IF($D65=""Libra Esterlina"", 'Data "&"in Local Currency'!G65*GOOGLEFINANCE(""Currency:GBPEUR""), IF($D65=""Iene"",'Data in Local Currency'!G65*GOOGLEFINANCE(""Currency:JPYEUR""), IF($D65=""HKD"",'Data in Local Currency'!G65*GOOGLEFINANCE(""Currency:HKDEUR""), IF($D65=""KRW"",'Data in Local Cu"&"rrency'!G65*GOOGLEFINANCE(""Currency:KRWEUR""),"""")))))))"),1698.7050359999998) -> 1698.705 | O65: 1986.34 | P65: 9.98 | Q65: 2.95 | R65: Não
A66: FSECURE OYJ | B66: FSC1V FH Equity | C66: FI0009801310 | D66: Euro | E66: 4 | F66: 4 | G66: 3.5 | H66: N/A | I66: N/A | J66: N/A | K66: N/A | L66: =IFERROR(__xludf.DUMMYFUNCTION("IF($D66=""Euro"",'Data in Local Currency'!E66, IF($D66=""Dolar"",'Data in Local Currency'!E66*GOOGLEFINANCE(""Currency:USDEUR""), IF($D66=""Franco Suíço"",'Data in Local Currency'!E66*GOOGLEFINANCE(""Currency:CHFEUR""), IF($D66=""Libra Esterlina"", 'Data "&"in Local Currency'!E66*GOOGLEFINANCE(""Currency:GBPEUR""), IF($D66=""Iene"",'Data in Local Currency'!E66*GOOGLEFINANCE(""Currency:JPYEUR""), IF($D66=""HKD"",'Data in Local Currency'!E66*GOOGLEFINANCE(""Currency:HKDEUR""), IF($D66=""KRW"",'Data in Local Cu"&"rrency'!E66*GOOGLEFINANCE(""Currency:KRWEUR""),"""")))))))"),13.6) -> 13.6 | M66: ='Data in Local Currency'!F66 -> 2000 | N66: =IFERROR(__xludf.DUMMYFUNCTION("IF($D66=""Euro"",'Data in Local Currency'!G66, IF($D66=""Dolar"",'Data in Local Currency'!G66*GOOGLEFINANCE(""Currency:USDEUR""), IF($D66=""Franco Suíço"",'Data in Local Currency'!G66*GOOGLEFINANCE(""Currency:CHFEUR""), IF($D66=""Libra Esterlina"", 'Data "&"in Local Currency'!G66*GOOGLEFINANCE(""Currency:GBPEUR""), IF($D66=""Iene"",'Data in Local Currency'!G66*GOOGLEFINANCE(""Currency:JPYEUR""), IF($D66=""HKD"",'Data in Local Currency'!G66*GOOGLEFINANCE(""Currency:HKDEUR""), IF($D66=""KRW"",'Data in Local Cu"&"rrency'!G66*GOOGLEFINANCE(""Currency:KRWEUR""),"""")))))))"),3.42) -> 3.42 | O66: 5.39 | P66: 0.24 | Q66: 0.03 | R66: Não
A67: CREDIT AGRICOLE | B67: ACA FP Equity | C67: FR0000045072 | D67: Euro | E67: 3.9 | F67: 3.7 | G67: 3.3 | H67: N/A | I67: N/A | J67: N/A | K67: N/A | L67: =IFERROR(__xludf.DUMMYFUNCTION("IF($D67=""Euro"",'Data in Local Currency'!E67, IF($D67=""Dolar"",'Data in Local Currency'!E67*GOOGLEFINANCE(""Currency:USDEUR""), IF($D67=""Franco Suíço"",'Data in Local Currency'!E67*GOOGLEFINANCE(""Currency:CHFEUR""), IF($D67=""Libra Esterlina"", 'Data "&"in Local Currency'!E67*GOOGLEFINANCE(""Currency:GBPEUR""), IF($D67=""Iene"",'Data in Local Currency'!E67*GOOGLEFINANCE(""Currency:JPYEUR""), IF($D67=""HKD"",'Data in Local Currency'!E67*GOOGLEFINANCE(""Currency:HKDEUR""), IF($D67=""KRW"",'Data in Local Cu"&"rrency'!E67*GOOGLEFINANCE(""Currency:KRWEUR""),"""")))))))"),16.16) -> 16.16 | M67: ='Data in Local Currency'!F67 -> 2002 | N67: =IFERROR(__xludf.DUMMYFUNCTION("IF($D67=""Euro"",'Data in Local Currency'!G67, IF($D67=""Dolar"",'Data in Local Currency'!G67*GOOGLEFINANCE(""Currency:USDEUR""), IF($D67=""Franco Suíço"",'Data in Local Currency'!G67*GOOGLEFINANCE(""Currency:CHFEUR""), IF($D67=""Libra Esterlina"", 'Data "&"in Local Currency'!G67*GOOGLEFINANCE(""Currency:GBPEUR""), IF($D67=""Iene"",'Data in Local Currency'!G67*GOOGLEFINANCE(""Currency:JPYEUR""), IF($D67=""HKD"",'Data in Local Currency'!G67*GOOGLEFINANCE(""Currency:HKDEUR""), IF($D67=""KRW"",'Data in Local Cu"&"rrency'!G67*GOOGLEFINANCE(""Currency:KRWEUR""),"""")))))))"),13.14) -> 13.14 | O67: 11.05 | P67: 22.66 | R67: Sim | S67: 1
A68: BUREAU VERITAS S | B68: BVI FP Equity | C68: FR0006174348 | D68: Euro | E68: 3.5 | F68: 3.5 | G68: 3.2 | H68: N/A | I68: N/A | J68: N/A | K68: N/A | L68: =IFERROR(__xludf.DUMMYFUNCTION("IF($D68=""Euro"",'Data in Local Currency'!E68, IF($D68=""Dolar"",'Data in Local Currency'!E68*GOOGLEFINANCE(""Currency:USDEUR""), IF($D68=""Franco Suíço"",'Data in Local Currency'!E68*GOOGLEFINANCE(""Currency:CHFEUR""), IF($D68=""Libra Esterlina"", 'Data "&"in Local Currency'!E68*GOOGLEFINANCE(""Currency:GBPEUR""), IF($D68=""Iene"",'Data in Local Currency'!E68*GOOGLEFINANCE(""Currency:JPYEUR""), IF($D68=""HKD"",'Data in Local Currency'!E68*GOOGLEFINANCE(""Currency:HKDEUR""), IF($D68=""KRW"",'Data in Local Cu"&"rrency'!E68*GOOGLEFINANCE(""Currency:KRWEUR""),"""")))))))"),9.75) -> 9.75 | M68: ='Data in Local Currency'!F68 -> 2007 | N68: =IFERROR(__xludf.DUMMYFUNCTION("IF($D68=""Euro"",'Data in Local Currency'!G68, IF($D68=""Dolar"",'Data in Local Currency'!G68*GOOGLEFINANCE(""Currency:USDEUR""), IF($D68=""Franco Suíço"",'Data in Local Currency'!G68*GOOGLEFINANCE(""Currency:CHFEUR""), IF($D68=""Libra Esterlina"", 'Data "&"in Local Currency'!G68*GOOGLEFINANCE(""Currency:GBPEUR""), IF($D68=""Iene"",'Data in Local Currency'!G68*GOOGLEFINANCE(""Currency:JPYEUR""), IF($D68=""HKD"",'Data in Local Currency'!G68*GOOGLEFINANCE(""Currency:HKDEUR""), IF($D68=""KRW"",'Data in Local Cu"&"rrency'!G68*GOOGLEFINANCE(""Currency:KRWEUR""),"""")))))))"),21.26) -> 21.26 | O68: 26.64 | P68: 4.98 | Q68: 0.97 | R68: Não
A69: SHANGRILA ASIA | B69: 69 HK Equity | C69: BMG8063F1068 | D69: HKD | E69: 4.1 | F69: 3.8 | G69: 3.5 | H69: N/A | I69: N/A | J69: N/A | K69: N/A | L69: =IFERROR(__xludf.DUMMYFUNCTION("IF($D69=""Euro"",'Data in Local Currency'!E69, IF($D69=""Dolar"",'Data in Local Currency'!E69*GOOGLEFINANCE(""Currency:USDEUR""), IF($D69=""Franco Suíço"",'Data in Local Currency'!E69*GOOGLEFINANCE(""Currency:CHFEUR""), IF($D69=""Libra Esterlina"", 'Data "&"in Local Currency'!E69*GOOGLEFINANCE(""Currency:GBPEUR""), IF($D69=""Iene"",'Data in Local Currency'!E69*GOOGLEFINANCE(""Currency:JPYEUR""), IF($D69=""HKD"",'Data in Local Currency'!E69*GOOGLEFINANCE(""Currency:HKDEUR""), IF($D69=""KRW"",'Data in Local Cu"&"rrency'!E69*GOOGLEFINANCE(""Currency:KRWEUR""),"""")))))))"),0.728323748) -> 0.72832375 | M69: ='Data in Local Currency'!F69 -> 2000 | N69: =IFERROR(__xludf.DUMMYFUNCTION("IF($D69=""Euro"",'Data in Local Currency'!G69, IF($D69=""Dolar"",'Data in Local Currency'!G69*GOOGLEFINANCE(""Currency:USDEUR""), IF($D69=""Franco Suíço"",'Data in Local Currency'!G69*GOOGLEFINANCE(""Currency:CHFEUR""), IF($D69=""Libra Esterlina"", 'Data "&"in Local Currency'!G69*GOOGLEFINANCE(""Currency:GBPEUR""), IF($D69=""Iene"",'Data in Local Currency'!G69*GOOGLEFINANCE(""Currency:JPYEUR""), IF($D69=""HKD"",'Data in Local Currency'!G69*GOOGLEFINANCE(""Currency:HKDEUR""), IF($D69=""KRW"",'Data in Local Cu"&"rrency'!G69*GOOGLEFINANCE(""Currency:KRWEUR""),"""")))))))"),1.30736812) -> 1.3073681 | O69: 0.72 | P69: 1.13 | Q69: 0.12 | R69: Sim | S69: 0
A70: ARCELORMITTAL | B70: MT NA Equity | C70: LU1598757687 | D70: Euro | E70: 4 | F70: 3.7 | G70: 3.5 | H70: 2.8 | I70: 12 | J70: 65 | K70: 64 | L70: =IFERROR(__xludf.DUMMYFUNCTION("IF($D70=""Euro"",'Data in Local Currency'!E70, IF($D70=""Dolar"",'Data in Local Currency'!E70*GOOGLEFINANCE(""Currency:USDEUR""), IF($D70=""Franco Suíço"",'Data in Local Currency'!E70*GOOGLEFINANCE(""Currency:CHFEUR""), IF($D70=""Libra Esterlina"", 'Data "&"in Local Currency'!E70*GOOGLEFINANCE(""Currency:GBPEUR""), IF($D70=""Iene"",'Data in Local Currency'!E70*GOOGLEFINANCE(""Currency:JPYEUR""), IF($D70=""HKD"",'Data in Local Currency'!E70*GOOGLEFINANCE(""Currency:HKDEUR""), IF($D70=""KRW"",'Data in Local Cu"&"rrency'!E70*GOOGLEFINANCE(""Currency:KRWEUR""),"""")))))))"),46.25) -> 46.25 | M70: ='Data in Local Currency'!F70 -> 2005 | N70: =IFERROR(__xludf.DUMMYFUNCTION("IF($D70=""Euro"",'Data in Local Currency'!G70, IF($D70=""Dolar"",'Data in Local Currency'!G70*GOOGLEFINANCE(""Currency:USDEUR""), IF($D70=""Franco Suíço"",'Data in Local Currency'!G70*GOOGLEFINANCE(""Currency:CHFEUR""), IF($D70=""Libra Esterlina"", 'Data "&"in Local Currency'!G70*GOOGLEFINANCE(""Currency:GBPEUR""), IF($D70=""Iene"",'Data in Local Currency'!G70*GOOGLEFINANCE(""Currency:JPYEUR""), IF($D70=""HKD"",'Data in Local Currency'!G70*GOOGLEFINANCE(""Currency:HKDEUR""), IF($D70=""KRW"",'Data in Local Cu"&"rrency'!G70*GOOGLEFINANCE(""Currency:KRWEUR""),"""")))))))"),21.73) -> 21.73 | O70: 30.56 | P70: 69.73 | Q70: 17.67 | R70: Sim | S70: 2
A71: HILTON WORLDWIDE | B71: HLT US Equity | C71: US43300A2033 | D71: Dolar | E71: 4.1 | F71: 4.1 | G71: 3.7 | H71: 4 | I71: 24 | J71: 76 | K71: 73 | L71: =IFERROR(__xludf.DUMMYFUNCTION("IF($D71=""Euro"",'Data in Local Currency'!E71, IF($D71=""Dolar"",'Data in Local Currency'!E71*GOOGLEFINANCE(""Currency:USDEUR""), IF($D71=""Franco Suíço"",'Data in Local Currency'!E71*GOOGLEFINANCE(""Currency:CHFEUR""), IF($D71=""Libra Esterlina"", 'Data "&"in Local Currency'!E71*GOOGLEFINANCE(""Currency:GBPEUR""), IF($D71=""Iene"",'Data in Local Currency'!E71*GOOGLEFINANCE(""Currency:JPYEUR""), IF($D71=""HKD"",'Data in Local Currency'!E71*GOOGLEFINANCE(""Currency:HKDEUR""), IF($D71=""KRW"",'Data in Local Cu"&"rrency'!E71*GOOGLEFINANCE(""Currency:KRWEUR""),"""")))))))"),41.391) -> 41.391 | M71: ='Data in Local Currency'!F71 -> 2013 | N71: =IFERROR(__xludf.DUMMYFUNCTION("IF($D71=""Euro"",'Data in Local Currency'!G71, IF($D71=""Dolar"",'Data in Local Currency'!G71*GOOGLEFINANCE(""Currency:USDEUR""), IF($D71=""Franco Suíço"",'Data in Local Currency'!G71*GOOGLEFINANCE(""Currency:CHFEUR""), IF($D71=""Libra Esterlina"", 'Data "&"in Local Currency'!G71*GOOGLEFINANCE(""Currency:GBPEUR""), IF($D71=""Iene"",'Data in Local Currency'!G71*GOOGLEFINANCE(""Currency:JPYEUR""), IF($D71=""HKD"",'Data in Local Currency'!G71*GOOGLEFINANCE(""Currency:HKDEUR""), IF($D71=""KRW"",'Data in Local Cu"&"rrency'!G71*GOOGLEFINANCE(""Currency:KRWEUR""),"""")))))))"),54.24060599999999) -> 54.240606 | O71: 136.59 | P71: 5.3 | Q71: 1.13 | R71: Sim | S71: 3
A72: WYNN MACAU LTD | B72: 1128 HK Equity | C72: KYG981491007 | D72: HKD | E72: 4.1 | F72: 4.1 | G72: 3.7 | H72: 2.6 | I72: 0 | J72: 64 | K72: 53 | L72: =IFERROR(__xludf.DUMMYFUNCTION("IF($D72=""Euro"",'Data in Local Currency'!E72, IF($D72=""Dolar"",'Data in Local Currency'!E72*GOOGLEFINANCE(""Currency:USDEUR""), IF($D72=""Franco Suíço"",'Data in Local Currency'!E72*GOOGLEFINANCE(""Currency:CHFEUR""), IF($D72=""Libra Esterlina"", 'Data "&"in Local Currency'!E72*GOOGLEFINANCE(""Currency:GBPEUR""), IF($D72=""Iene"",'Data in Local Currency'!E72*GOOGLEFINANCE(""Currency:JPYEUR""), IF($D72=""HKD"",'Data in Local Currency'!E72*GOOGLEFINANCE(""Currency:HKDEUR""), IF($D72=""KRW"",'Data in Local Cu"&"rrency'!E72*GOOGLEFINANCE(""Currency:KRWEUR""),"""")))))))"),1.1231160599999999) -> 1.1231161 | M72: ='Data in Local Currency'!F72 -> 2009 | N72: =IFERROR(__xludf.DUMMYFUNCTION("IF($D72=""Euro"",'Data in Local Currency'!G72, IF($D72=""Dolar"",'Data in Local Currency'!G72*GOOGLEFINANCE(""Currency:USDEUR""), IF($D72=""Franco Suíço"",'Data in Local Currency'!G72*GOOGLEFINANCE(""Currency:CHFEUR""), IF($D72=""Libra Esterlina"", 'Data "&"in Local Currency'!G72*GOOGLEFINANCE(""Currency:GBPEUR""), IF($D72=""Iene"",'Data in Local Currency'!G72*GOOGLEFINANCE(""Currency:JPYEUR""), IF($D72=""HKD"",'Data in Local Currency'!G72*GOOGLEFINANCE(""Currency:HKDEUR""), IF($D72=""KRW"",'Data in Local Cu"&"rrency'!G72*GOOGLEFINANCE(""Currency:KRWEUR""),"""")))))))"),2.0068218) -> 2.0068218 | O72: 0.67 | P72: 1.37 | Q72: 0.09 | R72: Não
A73: TELEFONICA | B73: TEF SM Equity | C73: ES0178430E18 | D73: Euro | E73: 4 | F73: 3.9 | G73: 3.6 | H73: 3.1 | I73: 0 | J73: 70 | K73: 85 | L73: =IFERROR(__xludf.DUMMYFUNCTION("IF($D73=""Euro"",'Data in Local Currency'!E73, IF($D73=""Dolar"",'Data in Local Currency'!E73*GOOGLEFINANCE(""Currency:USDEUR""), IF($D73=""Franco Suíço"",'Data in Local Currency'!E73*GOOGLEFINANCE(""Currency:CHFEUR""), IF($D73=""Libra Esterlina"", 'Data "&"in Local Currency'!E73*GOOGLEFINANCE(""Currency:GBPEUR""), IF($D73=""Iene"",'Data in Local Currency'!E73*GOOGLEFINANCE(""Currency:JPYEUR""), IF($D73=""HKD"",'Data in Local Currency'!E73*GOOGLEFINANCE(""Currency:HKDEUR""), IF($D73=""KRW"",'Data in Local Cu"&"rrency'!E73*GOOGLEFINANCE(""Currency:KRWEUR""),"""")))))))"),29.5119) -> 29.5119 | M73: ='Data in Local Currency'!F73 -> 2000 | N73: =IFERROR(__xludf.DUMMYFUNCTION("IF($D73=""Euro"",'Data in Local Currency'!G73, IF($D73=""Dolar"",'Data in Local Currency'!G73*GOOGLEFINANCE(""Currency:USDEUR""), IF($D73=""Franco Suíço"",'Data in Local Currency'!G73*GOOGLEFINANCE(""Currency:CHFEUR""), IF($D73=""Libra Esterlina"", 'Data "&"in Local Currency'!G73*GOOGLEFINANCE(""Currency:GBPEUR""), IF($D73=""Iene"",'Data in Local Currency'!G73*GOOGLEFINANCE(""Currency:JPYEUR""), IF($D73=""HKD"",'Data in Local Currency'!G73*GOOGLEFINANCE(""Currency:HKDEUR""), IF($D73=""KRW"",'Data in Local Cu"&"rrency'!G73*GOOGLEFINANCE(""Currency:KRWEUR""),"""")))))))"),10.155) -> 10.155 | O73: 4.25 | P73: 39.28 | Q73: 12.39 | R73: Sim | S73: 6
A74: FUGRO NV | B74: FUR NA Equity | C74: NL00150003E1 | D74: Euro | E74: 3.5 | F74: 3.4 | G74: 3 | H74: N/A | I74: N/A | J74: N/A | K74: N/A | L74: =IFERROR(__xludf.DUMMYFUNCTION("IF($D74=""Euro"",'Data in Local Currency'!E74, IF($D74=""Dolar"",'Data in Local Currency'!E74*GOOGLEFINANCE(""Currency:USDEUR""), IF($D74=""Franco Suíço"",'Data in Local Currency'!E74*GOOGLEFINANCE(""Currency:CHFEUR""), IF($D74=""Libra Esterlina"", 'Data "&"in Local Currency'!E74*GOOGLEFINANCE(""Currency:GBPEUR""), IF($D74=""Iene"",'Data in Local Currency'!E74*GOOGLEFINANCE(""Currency:JPYEUR""), IF($D74=""HKD"",'Data in Local Currency'!E74*GOOGLEFINANCE(""Currency:HKDEUR""), IF($D74=""KRW"",'Data in Local Cu"&"rrency'!E74*GOOGLEFINANCE(""Currency:KRWEUR""),"""")))))))"),10.45) -> 10.45 | M74: ='Data in Local Currency'!F74 -> 1998 | N74: =IFERROR(__xludf.DUMMYFUNCTION("IF($D74=""Euro"",'Data in Local Currency'!G74, IF($D74=""Dolar"",'Data in Local Currency'!G74*GOOGLEFINANCE(""Currency:USDEUR""), IF($D74=""Franco Suíço"",'Data in Local Currency'!G74*GOOGLEFINANCE(""Currency:CHFEUR""), IF($D74=""Libra Esterlina"", 'Data "&"in Local Currency'!G74*GOOGLEFINANCE(""Currency:GBPEUR""), IF($D74=""Iene"",'Data in Local Currency'!G74*GOOGLEFINANCE(""Currency:JPYEUR""), IF($D74=""HKD"",'Data in Local Currency'!G74*GOOGLEFINANCE(""Currency:HKDEUR""), IF($D74=""KRW"",'Data in Local Cu"&"rrency'!G74*GOOGLEFINANCE(""Currency:KRWEUR""),"""")))))))"),20.12) -> 20.12 | O74: 10.05 | P74: 1.46 | Q74: 0.16 | R74: Sim | S74: 1
A75: OCI NV | B75: OCI NA Equity | C75: NL0010558797 | D75: Euro | E75: 3.5 | F75: 2.8 | G75: 3.1 | H75: N/A | I75: N/A | J75: N/A | K75: N/A | L75: =IFERROR(__xludf.DUMMYFUNCTION("IF($D75=""Euro"",'Data in Local Currency'!E75, IF($D75=""Dolar"",'Data in Local Currency'!E75*GOOGLEFINANCE(""Currency:USDEUR""), IF($D75=""Franco Suíço"",'Data in Local Currency'!E75*GOOGLEFINANCE(""Currency:CHFEUR""), IF($D75=""Libra Esterlina"", 'Data "&"in Local Currency'!E75*GOOGLEFINANCE(""Currency:GBPEUR""), IF($D75=""Iene"",'Data in Local Currency'!E75*GOOGLEFINANCE(""Currency:JPYEUR""), IF($D75=""HKD"",'Data in Local Currency'!E75*GOOGLEFINANCE(""Currency:HKDEUR""), IF($D75=""KRW"",'Data in Local Cu"&"rrency'!E75*GOOGLEFINANCE(""Currency:KRWEUR""),"""")))))))"),37.9) -> 37.9 | M75: ='Data in Local Currency'!F75 -> 2013 | N75: =IFERROR(__xludf.DUMMYFUNCTION("IF($D75=""Euro"",'Data in Local Currency'!G75, IF($D75=""Dolar"",'Data in Local Currency'!G75*GOOGLEFINANCE(""Currency:USDEUR""), IF($D75=""Franco Suíço"",'Data in Local Currency'!G75*GOOGLEFINANCE(""Currency:CHFEUR""), IF($D75=""Libra Esterlina"", 'Data "&"in Local Currency'!G75*GOOGLEFINANCE(""Currency:GBPEUR""), IF($D75=""Iene"",'Data in Local Currency'!G75*GOOGLEFINANCE(""Currency:JPYEUR""), IF($D75=""HKD"",'Data in Local Currency'!G75*GOOGLEFINANCE(""Currency:HKDEUR""), IF($D75=""KRW"",'Data in Local Cu"&"rrency'!G75*GOOGLEFINANCE(""Currency:KRWEUR""),"""")))))))"),18.02) -> 18.02 | O75: 31.12 | P75: 5.75 | Q75: 2.3 | R75: Não
A76: WEST JAPAN RAILW | B76: 9021 JP Equity | C76: JP3659000008 | D76: Iene | E76: 5 | F76: 4 | G76: 4 | H76: N/A | I76: N/A | J76: N/A | K76: N/A | L76: =IFERROR(__xludf.DUMMYFUNCTION("IF($D76=""Euro"",'Data in Local Currency'!E76, IF($D76=""Dolar"",'Data in Local Currency'!E76*GOOGLEFINANCE(""Currency:USDEUR""), IF($D76=""Franco Suíço"",'Data in Local Currency'!E76*GOOGLEFINANCE(""Currency:CHFEUR""), IF($D76=""Libra Esterlina"", 'Data "&"in Local Currency'!E76*GOOGLEFINANCE(""Currency:GBPEUR""), IF($D76=""Iene"",'Data in Local Currency'!E76*GOOGLEFINANCE(""Currency:JPYEUR""), IF($D76=""HKD"",'Data in Local Currency'!E76*GOOGLEFINANCE(""Currency:HKDEUR""), IF($D76=""KRW"",'Data in Local Cu"&"rrency'!E76*GOOGLEFINANCE(""Currency:KRWEUR""),"""")))))))"),24.336563520000002) -> 24.336564 | M76: ='Data in Local Currency'!F76 -> 2000 | N76: =IFERROR(__xludf.DUMMYFUNCTION("IF($D76=""Euro"",'Data in Local Currency'!G76, IF($D76=""Dolar"",'Data in Local Currency'!G76*GOOGLEFINANCE(""Currency:USDEUR""), IF($D76=""Franco Suíço"",'Data in Local Currency'!G76*GOOGLEFINANCE(""Currency:CHFEUR""), IF($D76=""Libra Esterlina"", 'Data "&"in Local Currency'!G76*GOOGLEFINANCE(""Currency:GBPEUR""), IF($D76=""Iene"",'Data in Local Currency'!G76*GOOGLEFINANCE(""Currency:JPYEUR""), IF($D76=""HKD"",'Data in Local Currency'!G76*GOOGLEFINANCE(""Currency:HKDEUR""), IF($D76=""KRW"",'Data in Local Cu"&"rrency'!G76*GOOGLEFINANCE(""Currency:KRWEUR""),"""")))))))"),55.232127696) -> 55.232128 | O76: 37.59 | P76: 6.62 | Q76: 0.52 | R76: Não
A77: LINDBLAD EXPEDIT | B77: LIND US Equity | C77: US5352191093 | D77: Dolar | E77: 3.3 | F77: 3.3 | G77: 2.7 | H77: N/A | I77: N/A | J77: N/A | K77: N/A | L77: =IFERROR(__xludf.DUMMYFUNCTION("IF($D77=""Euro"",'Data in Local Currency'!E77, IF($D77=""Dolar"",'Data in Local Currency'!E77*GOOGLEFINANCE(""Currency:USDEUR""), IF($D77=""Franco Suíço"",'Data in Local Currency'!E77*GOOGLEFINANCE(""Currency:CHFEUR""), IF($D77=""Libra Esterlina"", 'Data "&"in Local Currency'!E77*GOOGLEFINANCE(""Currency:GBPEUR""), IF($D77=""Iene"",'Data in Local Currency'!E77*GOOGLEFINANCE(""Currency:JPYEUR""), IF($D77=""HKD"",'Data in Local Currency'!E77*GOOGLEFINANCE(""Currency:HKDEUR""), IF($D77=""KRW"",'Data in Local Cu"&"rrency'!E77*GOOGLEFINANCE(""Currency:KRWEUR""),"""")))))))"),9.28998) -> 9.28998 | M77: ='Data in Local Currency'!F77 -> 2013 | N77: =IFERROR(__xludf.DUMMYFUNCTION("IF($D77=""Euro"",'Data in Local Currency'!G77, IF($D77=""Dolar"",'Data in Local Currency'!G77*GOOGLEFINANCE(""Currency:USDEUR""), IF($D77=""Franco Suíço"",'Data in Local Currency'!G77*GOOGLEFINANCE(""Currency:CHFEUR""), IF($D77=""Libra Esterlina"", 'Data "&"in Local Currency'!G77*GOOGLEFINANCE(""Currency:GBPEUR""), IF($D77=""Iene"",'Data in Local Currency'!G77*GOOGLEFINANCE(""Currency:JPYEUR""), IF($D77=""HKD"",'Data in Local Currency'!G77*GOOGLEFINANCE(""Currency:HKDEUR""), IF($D77=""KRW"",'Data in Local Cu"&"rrency'!G77*GOOGLEFINANCE(""Currency:KRWEUR""),"""")))))))"),8.7381) -> 8.7381 | O77: 13.01 | P77: 0.13 | Q77: 0.06 | R77: Não
A78: M&G PLC | B78: MNG LN Equity | C78: GB00BKFB1C65 | D78: Libra Esterlina | E78: 3.8 | F78: 3.8 | G78: 3.4 | H78: N/A | I78: N/A | J78: N/A | K78: N/A | L78: =IFERROR(__xludf.DUMMYFUNCTION("IF($D78=""Euro"",'Data in Local Currency'!E78, IF($D78=""Dolar"",'Data in Local Currency'!E78*GOOGLEFINANCE(""Currency:USDEUR""), IF($D78=""Franco Suíço"",'Data in Local Currency'!E78*GOOGLEFINANCE(""Currency:CHFEUR""), IF($D78=""Libra Esterlina"", 'Data "&"in Local Currency'!E78*GOOGLEFINANCE(""Currency:GBPEUR""), IF($D78=""Iene"",'Data in Local Currency'!E78*GOOGLEFINANCE(""Currency:JPYEUR""), IF($D78=""HKD"",'Data in Local Currency'!E78*GOOGLEFINANCE(""Currency:HKDEUR""), IF($D78=""KRW"",'Data in Local Cu"&"rrency'!E78*GOOGLEFINANCE(""Currency:KRWEUR""),"""")))))))"),270.7786768236) -> 270.77868 | M78: ='Data in Local Currency'!F78 -> 2019 | N78: =IFERROR(__xludf.DUMMYFUNCTION("IF($D78=""Euro"",'Data in Local Currency'!G78, IF($D78=""Dolar"",'Data in Local Currency'!G78*GOOGLEFINANCE(""Currency:USDEUR""), IF($D78=""Franco Suíço"",'Data in Local Currency'!G78*GOOGLEFINANCE(""Currency:CHFEUR""), IF($D78=""Libra Esterlina"", 'Data "&"in Local Currency'!G78*GOOGLEFINANCE(""Currency:GBPEUR""), IF($D78=""Iene"",'Data in Local Currency'!G78*GOOGLEFINANCE(""Currency:JPYEUR""), IF($D78=""HKD"",'Data in Local Currency'!G78*GOOGLEFINANCE(""Currency:HKDEUR""), IF($D78=""KRW"",'Data in Local Cu"&"rrency'!G78*GOOGLEFINANCE(""Currency:KRWEUR""),"""")))))))"),270.7786768236) -> 270.77868 | O78: 254.99 | P78: 20.75 | R78: Sim | S78: 0
A79: IVS GROUP | B79: IVS IM Equity | C79: LU0556041001 | D79: Euro | E79: N/A | F79: N/A | G79: N/A | H79: N/A | I79: N/A | J79: N/A | K79: N/A | L79: =IFERROR(__xludf.DUMMYFUNCTION("IF($D79=""Euro"",'Data in Local Currency'!E79, IF($D79=""Dolar"",'Data in Local Currency'!E79*GOOGLEFINANCE(""Currency:USDEUR""), IF($D79=""Franco Suíço"",'Data in Local Currency'!E79*GOOGLEFINANCE(""Currency:CHFEUR""), IF($D79=""Libra Esterlina"", 'Data "&"in Local Currency'!E79*GOOGLEFINANCE(""Currency:GBPEUR""), IF($D79=""Iene"",'Data in Local Currency'!E79*GOOGLEFINANCE(""Currency:JPYEUR""), IF($D79=""HKD"",'Data in Local Currency'!E79*GOOGLEFINANCE(""Currency:HKDEUR""), IF($D79=""KRW"",'Data in Local Cu"&"rrency'!E79*GOOGLEFINANCE(""Currency:KRWEUR""),"""")))))))"),9.5) -> 9.5 | M79: ='Data in Local Currency'!F79 -> 2011 | N79: =IFERROR(__xludf.DUMMYFUNCTION("IF($D79=""Euro"",'Data in Local Currency'!G79, IF($D79=""Dolar"",'Data in Local Currency'!G79*GOOGLEFINANCE(""Currency:USDEUR""), IF($D79=""Franco Suíço"",'Data in Local Currency'!G79*GOOGLEFINANCE(""Currency:CHFEUR""), IF($D79=""Libra Esterlina"", 'Data "&"in Local Currency'!G79*GOOGLEFINANCE(""Currency:GBPEUR""), IF($D79=""Iene"",'Data in Local Currency'!G79*GOOGLEFINANCE(""Currency:JPYEUR""), IF($D79=""HKD"",'Data in Local Currency'!G79*GOOGLEFINANCE(""Currency:HKDEUR""), IF($D79=""KRW"",'Data in Local Cu"&"rrency'!G79*GOOGLEFINANCE(""Currency:KRWEUR""),"""")))))))"),11.7) -> 11.7 | O79: 4.98 | P79: 0.34 | Q79: 0.05 | R79: Não
A80: KOENIG & BAUER | B80: SKB GY Equity | C80: DE0007193500 | D80: Euro | E80: 3.5 | F80: 3.1 | G80: 2.7 | H80: N/A | I80: N/A | J80: N/A | K80: N/A | L80: =IFERROR(__xludf.DUMMYFUNCTION("IF($D80=""Euro"",'Data in Local Currency'!E80, IF($D80=""Dolar"",'Data in Local Currency'!E80*GOOGLEFINANCE(""Currency:USDEUR""), IF($D80=""Franco Suíço"",'Data in Local Currency'!E80*GOOGLEFINANCE(""Currency:CHFEUR""), IF($D80=""Libra Esterlina"", 'Data "&"in Local Currency'!E80*GOOGLEFINANCE(""Currency:GBPEUR""), IF($D80=""Iene"",'Data in Local Currency'!E80*GOOGLEFINANCE(""Currency:JPYEUR""), IF($D80=""HKD"",'Data in Local Currency'!E80*GOOGLEFINANCE(""Currency:HKDEUR""), IF($D80=""KRW"",'Data in Local Cu"&"rrency'!E80*GOOGLEFINANCE(""Currency:KRWEUR""),"""")))))))"),17.03) -> 17.03 | M80: ='Data in Local Currency'!F80 -> 1999 | N80: =IFERROR(__xludf.DUMMYFUNCTION("IF($D80=""Euro"",'Data in Local Currency'!G80, IF($D80=""Dolar"",'Data in Local Currency'!G80*GOOGLEFINANCE(""Currency:USDEUR""), IF($D80=""Franco Suíço"",'Data in Local Currency'!G80*GOOGLEFINANCE(""Currency:CHFEUR""), IF($D80=""Libra Esterlina"", 'Data "&"in Local Currency'!G80*GOOGLEFINANCE(""Currency:GBPEUR""), IF($D80=""Iene"",'Data in Local Currency'!G80*GOOGLEFINANCE(""Currency:JPYEUR""), IF($D80=""HKD"",'Data in Local Currency'!G80*GOOGLEFINANCE(""Currency:HKDEUR""), IF($D80=""KRW"",'Data in Local Cu"&"rrency'!G80*GOOGLEFINANCE(""Currency:KRWEUR""),"""")))))))"),63.55) -> 63.55 | O80: 23.4 | R80: Sim | S80: 0
A81: WIZZ AIR HOLDING | B81: WIZZ LN Equity | C81: JE00BN574F90 | D81: Libra Esterlina | E81: 3.8 | F81: 3.6 | G81: 3.5 | H81: 2.2 | I81: 100 | J81: 27 | K81: 48 | L81: =IFERROR(__xludf.DUMMYFUNCTION("IF($D81=""Euro"",'Data in Local Currency'!E81, IF($D81=""Dolar"",'Data in Local Currency'!E81*GOOGLEFINANCE(""Currency:USDEUR""), IF($D81=""Franco Suíço"",'Data in Local Currency'!E81*GOOGLEFINANCE(""Currency:CHFEUR""), IF($D81=""Libra Esterlina"", 'Data "&"in Local Currency'!E81*GOOGLEFINANCE(""Currency:GBPEUR""), IF($D81=""Iene"",'Data in Local Currency'!E81*GOOGLEFINANCE(""Currency:JPYEUR""), IF($D81=""HKD"",'Data in Local Currency'!E81*GOOGLEFINANCE(""Currency:HKDEUR""), IF($D81=""KRW"",'Data in Local Cu"&"rrency'!E81*GOOGLEFINANCE(""Currency:KRWEUR""),"""")))))))"),1577.538294816) -> 1577.5383 | M81: ='Data in Local Currency'!F81 -> 2015 | N81: =IFERROR(__xludf.DUMMYFUNCTION("IF($D81=""Euro"",'Data in Local Currency'!G81, IF($D81=""Dolar"",'Data in Local Currency'!G81*GOOGLEFINANCE(""Currency:USDEUR""), IF($D81=""Franco Suíço"",'Data in Local Currency'!G81*GOOGLEFINANCE(""Currency:CHFEUR""), IF($D81=""Libra Esterlina"", 'Data "&"in Local Currency'!G81*GOOGLEFINANCE(""Currency:GBPEUR""), IF($D81=""Iene"",'Data in Local Currency'!G81*GOOGLEFINANCE(""Currency:JPYEUR""), IF($D81=""HKD"",'Data in Local Currency'!G81*GOOGLEFINANCE(""Currency:HKDEUR""), IF($D81=""KRW"",'Data in Local Cu"&"rrency'!G81*GOOGLEFINANCE(""Currency:KRWEUR""),"""")))))))"),2122.221867645) -> 2122.2219 | O81: 3110.62 | P81: 0.74 | Q81: 0.18 | R81: Não
A82: ATLANTIA SPA | B82: ATL IM Equity | C82: IT0003506190 | D82: Euro | E82: 4.4 | F82: 4.6 | G82: 4.6 | H82: N/A | I82: N/A | J82: N/A | K82: N/A | L82: =IFERROR(__xludf.DUMMYFUNCTION("IF($D82=""Euro"",'Data in Local Currency'!E82, IF($D82=""Dolar"",'Data in Local Currency'!E82*GOOGLEFINANCE(""Currency:USDEUR""), IF($D82=""Franco Suíço"",'Data in Local Currency'!E82*GOOGLEFINANCE(""Currency:CHFEUR""), IF($D82=""Libra Esterlina"", 'Data "&"in Local Currency'!E82*GOOGLEFINANCE(""Currency:GBPEUR""), IF($D82=""Iene"",'Data in Local Currency'!E82*GOOGLEFINANCE(""Currency:JPYEUR""), IF($D82=""HKD"",'Data in Local Currency'!E82*GOOGLEFINANCE(""Currency:HKDEUR""), IF($D82=""KRW"",'Data in Local Cu"&"rrency'!E82*GOOGLEFINANCE(""Currency:KRWEUR""),"""")))))))"),12.6) -> 12.6 | M82: ='Data in Local Currency'!F82 -> 2003 | N82: =IFERROR(__xludf.DUMMYFUNCTION("IF($D82=""Euro"",'Data in Local Currency'!G82, IF($D82=""Dolar"",'Data in Local Currency'!G82*GOOGLEFINANCE(""Currency:USDEUR""), IF($D82=""Franco Suíço"",'Data in Local Currency'!G82*GOOGLEFINANCE(""Currency:CHFEUR""), IF($D82=""Libra Esterlina"", 'Data "&"in Local Currency'!G82*GOOGLEFINANCE(""Currency:GBPEUR""), IF($D82=""Iene"",'Data in Local Currency'!G82*GOOGLEFINANCE(""Currency:JPYEUR""), IF($D82=""HKD"",'Data in Local Currency'!G82*GOOGLEFINANCE(""Currency:HKDEUR""), IF($D82=""KRW"",'Data in Local Cu"&"rrency'!G82*GOOGLEFINANCE(""Currency:KRWEUR""),"""")))))))"),23.28) -> 23.28 | O82: 18.08 | P82: 6.39 | Q82: 4.03 | R82: Sim | S82: 2
A83: AEGON NV | B83: AGN NA Equity | C83: NL0000303709 | D83: Euro | E83: 3.7 | F83: 3.7 | G83: 3.3 | H83: N/A | I83: N/A | J83: N/A | K83: N/A | L83: =IFERROR(__xludf.DUMMYFUNCTION("IF($D83=""Euro"",'Data in Local Currency'!E83, IF($D83=""Dolar"",'Data in Local Currency'!E83*GOOGLEFINANCE(""Currency:USDEUR""), IF($D83=""Franco Suíço"",'Data in Local Currency'!E83*GOOGLEFINANCE(""Currency:CHFEUR""), IF($D83=""Libra Esterlina"", 'Data "&"in Local Currency'!E83*GOOGLEFINANCE(""Currency:GBPEUR""), IF($D83=""Iene"",'Data in Local Currency'!E83*GOOGLEFINANCE(""Currency:JPYEUR""), IF($D83=""HKD"",'Data in Local Currency'!E83*GOOGLEFINANCE(""Currency:HKDEUR""), IF($D83=""KRW"",'Data in Local Cu"&"rrency'!E83*GOOGLEFINANCE(""Currency:KRWEUR""),"""")))))))"),5.105) -> 5.105 | M83: ='Data in Local Currency'!F83 -> 1995 | N83: =IFERROR(__xludf.DUMMYFUNCTION("IF($D83=""Euro"",'Data in Local Currency'!G83, IF($D83=""Dolar"",'Data in Local Currency'!G83*GOOGLEFINANCE(""Currency:USDEUR""), IF($D83=""Franco Suíço"",'Data in Local Currency'!G83*GOOGLEFINANCE(""Currency:CHFEUR""), IF($D83=""Libra Esterlina"", 'Data "&"in Local Currency'!G83*GOOGLEFINANCE(""Currency:GBPEUR""), IF($D83=""Iene"",'Data in Local Currency'!G83*GOOGLEFINANCE(""Currency:JPYEUR""), IF($D83=""HKD"",'Data in Local Currency'!G83*GOOGLEFINANCE(""Currency:HKDEUR""), IF($D83=""KRW"",'Data in Local Cu"&"rrency'!G83*GOOGLEFINANCE(""Currency:KRWEUR""),"""")))))))"),4.679) -> 4.679 | O83: 4.54 | P83: 52.98 | R83: Sim | S83: 0
A84: ACCOR SA | B84: AC FP Equity | C84: FR0000120404 | D84: Euro | E84: 3.9 | F84: 3.9 | G84: 3.5 | H84: 4.2 | I84: 32 | J84: 64 | K84: 69 | L84: =IFERROR(__xludf.DUMMYFUNCTION("IF($D84=""Euro"",'Data in Local Currency'!E84, IF($D84=""Dolar"",'Data in Local Currency'!E84*GOOGLEFINANCE(""Currency:USDEUR""), IF($D84=""Franco Suíço"",'Data in Local Currency'!E84*GOOGLEFINANCE(""Currency:CHFEUR""), IF($D84=""Libra Esterlina"", 'Data "&"in Local Currency'!E84*GOOGLEFINANCE(""Currency:GBPEUR""), IF($D84=""Iene"",'Data in Local Currency'!E84*GOOGLEFINANCE(""Currency:JPYEUR""), IF($D84=""HKD"",'Data in Local Currency'!E84*GOOGLEFINANCE(""Currency:HKDEUR""), IF($D84=""KRW"",'Data in Local Cu"&"rrency'!E84*GOOGLEFINANCE(""Currency:KRWEUR""),"""")))))))"),26.64) -> 26.64 | M84: ='Data in Local Currency'!F84 -> 2000 | N84: =IFERROR(__xludf.DUMMYFUNCTION("IF($D84=""Euro"",'Data in Local Currency'!G84, IF($D84=""Dolar"",'Data in Local Currency'!G84*GOOGLEFINANCE(""Currency:USDEUR""), IF($D84=""Franco Suíço"",'Data in Local Currency'!G84*GOOGLEFINANCE(""Currency:CHFEUR""), IF($D84=""Libra Esterlina"", 'Data "&"in Local Currency'!G84*GOOGLEFINANCE(""Currency:GBPEUR""), IF($D84=""Iene"",'Data in Local Currency'!G84*GOOGLEFINANCE(""Currency:JPYEUR""), IF($D84=""HKD"",'Data in Local Currency'!G84*GOOGLEFINANCE(""Currency:HKDEUR""), IF($D84=""KRW"",'Data in Local Cu"&"rrency'!G84*GOOGLEFINANCE(""Currency:KRWEUR""),"""")))))))"),41.85) -> 41.85 | O84: 29.02 | P84: 2.2 | R84: Não
A85: CARNIVAL CORP | B85: CCL US Equity | C85: PA1436583006 | D85: Dolar | E85: 3.9 | F85: 3.9 | G85: 3.5 | H85: 2.6 | I85: 13 | J85: 65 | K85: 49 | L85: =IFERROR(__xludf.DUMMYFUNCTION("IF($D85=""Euro"",'Data in Local Currency'!E85, IF($D85=""Dolar"",'Data in Local Currency'!E85*GOOGLEFINANCE(""Currency:USDEUR""), IF($D85=""Franco Suíço"",'Data in Local Currency'!E85*GOOGLEFINANCE(""Currency:CHFEUR""), IF($D85=""Libra Esterlina"", 'Data "&"in Local Currency'!E85*GOOGLEFINANCE(""Currency:GBPEUR""), IF($D85=""Iene"",'Data in Local Currency'!E85*GOOGLEFINANCE(""Currency:JPYEUR""), IF($D85=""HKD"",'Data in Local Currency'!E85*GOOGLEFINANCE(""Currency:HKDEUR""), IF($D85=""KRW"",'Data in Local Cu"&"rrency'!E85*GOOGLEFINANCE(""Currency:KRWEUR""),"""")))))))"),3.6792) -> 3.6792 | M85: ='Data in Local Currency'!F85 -> 1987 | N85: =IFERROR(__xludf.DUMMYFUNCTION("IF($D85=""Euro"",'Data in Local Currency'!G85, IF($D85=""Dolar"",'Data in Local Currency'!G85*GOOGLEFINANCE(""Currency:USDEUR""), IF($D85=""Franco Suíço"",'Data in Local Currency'!G85*GOOGLEFINANCE(""Currency:CHFEUR""), IF($D85=""Libra Esterlina"", 'Data "&"in Local Currency'!G85*GOOGLEFINANCE(""Currency:GBPEUR""), IF($D85=""Iene"",'Data in Local Currency'!G85*GOOGLEFINANCE(""Currency:JPYEUR""), IF($D85=""HKD"",'Data in Local Currency'!G85*GOOGLEFINANCE(""Currency:HKDEUR""), IF($D85=""KRW"",'Data in Local Cu"&"rrency'!G85*GOOGLEFINANCE(""Currency:KRWEUR""),"""")))))))"),56.816046) -> 56.816046 | O85: 17.08 | P85: 1.74 | Q85: 3.54 | R85: Não
A86: LAS VEGAS SANDS | B86: LVS US Equity | C86: US5178341070 | D86: Dolar | E86: 4.4 | F86: 4.3 | G86: 4.2 | H86: 3.4 | I86: 0 | J86: 85 | K86: 69 | L86: =IFERROR(__xludf.DUMMYFUNCTION("IF($D86=""Euro"",'Data in Local Currency'!E86, IF($D86=""Dolar"",'Data in Local Currency'!E86*GOOGLEFINANCE(""Currency:USDEUR""), IF($D86=""Franco Suíço"",'Data in Local Currency'!E86*GOOGLEFINANCE(""Currency:CHFEUR""), IF($D86=""Libra Esterlina"", 'Data "&"in Local Currency'!E86*GOOGLEFINANCE(""Currency:GBPEUR""), IF($D86=""Iene"",'Data in Local Currency'!E86*GOOGLEFINANCE(""Currency:JPYEUR""), IF($D86=""HKD"",'Data in Local Currency'!E86*GOOGLEFINANCE(""Currency:HKDEUR""), IF($D86=""KRW"",'Data in Local Cu"&"rrency'!E86*GOOGLEFINANCE(""Currency:KRWEUR""),"""")))))))"),39.91932) -> 39.91932 | M86: ='Data in Local Currency'!F86 -> 2005 | N86: =IFERROR(__xludf.DUMMYFUNCTION("IF($D86=""Euro"",'Data in Local Currency'!G86, IF($D86=""Dolar"",'Data in Local Currency'!G86*GOOGLEFINANCE(""Currency:USDEUR""), IF($D86=""Franco Suíço"",'Data in Local Currency'!G86*GOOGLEFINANCE(""Currency:CHFEUR""), IF($D86=""Libra Esterlina"", 'Data "&"in Local Currency'!G86*GOOGLEFINANCE(""Currency:GBPEUR""), IF($D86=""Iene"",'Data in Local Currency'!G86*GOOGLEFINANCE(""Currency:JPYEUR""), IF($D86=""HKD"",'Data in Local Currency'!G86*GOOGLEFINANCE(""Currency:HKDEUR""), IF($D86=""KRW"",'Data in Local Cu"&"rrency'!G86*GOOGLEFINANCE(""Currency:KRWEUR""),"""")))))))"),54.259002) -> 54.259002 | O86: 35.2 | P86: 3.85 | Q86: 0.36 | R86: Não
A87: JCDECAUX SA | B87: DEC FP Equity | C87: FR0000077919 | D87: Euro | E87: 3.5 | F87: 3.4 | G87: 3.2 | H87: N/A | I87: N/A | J87: N/A | K87: N/A | L87: =IFERROR(__xludf.DUMMYFUNCTION("IF($D87=""Euro"",'Data in Local Currency'!E87, IF($D87=""Dolar"",'Data in Local Currency'!E87*GOOGLEFINANCE(""Currency:USDEUR""), IF($D87=""Franco Suíço"",'Data in Local Currency'!E87*GOOGLEFINANCE(""Currency:CHFEUR""), IF($D87=""Libra Esterlina"", 'Data "&"in Local Currency'!E87*GOOGLEFINANCE(""Currency:GBPEUR""), IF($D87=""Iene"",'Data in Local Currency'!E87*GOOGLEFINANCE(""Currency:JPYEUR""), IF($D87=""HKD"",'Data in Local Currency'!E87*GOOGLEFINANCE(""Currency:HKDEUR""), IF($D87=""KRW"",'Data in Local Cu"&"rrency'!E87*GOOGLEFINANCE(""Currency:KRWEUR""),"""")))))))"),13.64) -> 13.64 | M87: ='Data in Local Currency'!F87 -> 2001 | N87: =IFERROR(__xludf.DUMMYFUNCTION("IF($D87=""Euro"",'Data in Local Currency'!G87, IF($D87=""Dolar"",'Data in Local Currency'!G87*GOOGLEFINANCE(""Currency:USDEUR""), IF($D87=""Franco Suíço"",'Data in Local Currency'!G87*GOOGLEFINANCE(""Currency:CHFEUR""), IF($D87=""Libra Esterlina"", 'Data "&"in Local Currency'!G87*GOOGLEFINANCE(""Currency:GBPEUR""), IF($D87=""Iene"",'Data in Local Currency'!G87*GOOGLEFINANCE(""Currency:JPYEUR""), IF($D87=""HKD"",'Data in Local Currency'!G87*GOOGLEFINANCE(""Currency:HKDEUR""), IF($D87=""KRW"",'Data in Local Cu"&"rrency'!G87*GOOGLEFINANCE(""Currency:KRWEUR""),"""")))))))"),32.38) -> 32.38 | O87: 22.82 | P87: 2.52 | Q87: 1.15 | R87: Sim | S87: 0
A88: BAUER AG | B88: B5A GY Equity | C88: DE0005168108 | D88: Euro | E88: 3.9 | F88: 3.6 | G88: 3.6 | H88: N/A | I88: N/A | J88: N/A | K88: N/A | L88: =IFERROR(__xludf.DUMMYFUNCTION("IF($D88=""Euro"",'Data in Local Currency'!E88, IF($D88=""Dolar"",'Data in Local Currency'!E88*GOOGLEFINANCE(""Currency:USDEUR""), IF($D88=""Franco Suíço"",'Data in Local Currency'!E88*GOOGLEFINANCE(""Currency:CHFEUR""), IF($D88=""Libra Esterlina"", 'Data "&"in Local Currency'!E88*GOOGLEFINANCE(""Currency:GBPEUR""), IF($D88=""Iene"",'Data in Local Currency'!E88*GOOGLEFINANCE(""Currency:JPYEUR""), IF($D88=""HKD"",'Data in Local Currency'!E88*GOOGLEFINANCE(""Currency:HKDEUR""), IF($D88=""KRW"",'Data in Local Cu"&"rrency'!E88*GOOGLEFINANCE(""Currency:KRWEUR""),"""")))))))"),19.9) -> 19.9 | M88: ='Data in Local Currency'!F88 -> 2006 | N88: =IFERROR(__xludf.DUMMYFUNCTION("IF($D88=""Euro"",'Data in Local Currency'!G88, IF($D88=""Dolar"",'Data in Local Currency'!G88*GOOGLEFINANCE(""Currency:USDEUR""), IF($D88=""Franco Suíço"",'Data in Local Currency'!G88*GOOGLEFINANCE(""Currency:CHFEUR""), IF($D88=""Libra Esterlina"", 'Data "&"in Local Currency'!G88*GOOGLEFINANCE(""Currency:GBPEUR""), IF($D88=""Iene"",'Data in Local Currency'!G88*GOOGLEFINANCE(""Currency:JPYEUR""), IF($D88=""HKD"",'Data in Local Currency'!G88*GOOGLEFINANCE(""Currency:HKDEUR""), IF($D88=""KRW"",'Data in Local Cu"&"rrency'!G88*GOOGLEFINANCE(""Currency:KRWEUR""),"""")))))))"),16.13) -> 16.13 | O88: 9 | P88: 1.34 | Q88: 0.16 | R88: Não
A89: HYATT HOTELSA | B89: H US Equity | C89: US4485791028 | D89: Dolar | E89: 4.1 | F89: 4 | G89: 3.7 | H89: 4.5 | I89: 42 | J89: 84 | K89: 76 | L89: =IFERROR(__xludf.DUMMYFUNCTION("IF($D89=""Euro"",'Data in Local Currency'!E89, IF($D89=""Dolar"",'Data in Local Currency'!E89*GOOGLEFINANCE(""Currency:USDEUR""), IF($D89=""Franco Suíço"",'Data in Local Currency'!E89*GOOGLEFINANCE(""Currency:CHFEUR""), IF($D89=""Libra Esterlina"", 'Data "&"in Local Currency'!E89*GOOGLEFINANCE(""Currency:GBPEUR""), IF($D89=""Iene"",'Data in Local Currency'!E89*GOOGLEFINANCE(""Currency:JPYEUR""), IF($D89=""HKD"",'Data in Local Currency'!E89*GOOGLEFINANCE(""Currency:HKDEUR""), IF($D89=""KRW"",'Data in Local Cu"&"rrency'!E89*GOOGLEFINANCE(""Currency:KRWEUR""),"""")))))))"),27.419237999999996) -> 27.419238 | M89: ='Data in Local Currency'!F89 -> 2009 | N89: =IFERROR(__xludf.DUMMYFUNCTION("IF($D89=""Euro"",'Data in Local Currency'!G89, IF($D89=""Dolar"",'Data in Local Currency'!G89*GOOGLEFINANCE(""Currency:USDEUR""), IF($D89=""Franco Suíço"",'Data in Local Currency'!G89*GOOGLEFINANCE(""Currency:CHFEUR""), IF($D89=""Libra Esterlina"", 'Data "&"in Local Currency'!G89*GOOGLEFINANCE(""Currency:GBPEUR""), IF($D89=""Iene"",'Data in Local Currency'!G89*GOOGLEFINANCE(""Currency:JPYEUR""), IF($D89=""HKD"",'Data in Local Currency'!G89*GOOGLEFINANCE(""Currency:HKDEUR""), IF($D89=""KRW"",'Data in Local Cu"&"rrency'!G89*GOOGLEFINANCE(""Currency:KRWEUR""),"""")))))))"),51.048899999999996) -> 51.0489 | O89: 84.83 | P89: 2.76 | Q89: 0.07 | R89: Não
L90: =IFERROR(__xludf.DUMMYFUNCTION("IF($D90=""Euro"",'Data in Local Currency'!E90, IF($D90=""Dolar"",'Data in Local Currency'!E90*GOOGLEFINANCE(""Currency:USDEUR""), IF($D90=""Franco Suíço"",'Data in Local Currency'!E90*GOOGLEFINANCE(""Currency:CHFEUR""), IF($D90=""Libra Esterlina"", 'Data "&"in Local Currency'!E90*GOOGLEFINANCE(""Currency:GBPEUR""), IF($D90=""Iene"",'Data in Local Currency'!E90*GOOGLEFINANCE(""Currency:JPYEUR""), IF($D90=""HKD"",'Data in Local Currency'!E90*GOOGLEFINANCE(""Currency:HKDEUR""), IF($D90=""KRW"",'Data in Local Cu"&"rrency'!E90*GOOGLEFINANCE(""Currency:KRWEUR""),"""")))))))"),"") | M90: ='Data in Local Currency'!F90 | N90: =IFERROR(__xludf.DUMMYFUNCTION("IF($D90=""Euro"",'Data in Local Currency'!G90, IF($D90=""Dolar"",'Data in Local Currency'!G90*GOOGLEFINANCE(""Currency:USDEUR""), IF($D90=""Franco Suíço"",'Data in Local Currency'!G90*GOOGLEFINANCE(""Currency:CHFEUR""), IF($D90=""Libra Esterlina"", 'Data "&"in Local Currency'!G90*GOOGLEFINANCE(""Currency:GBPEUR""), IF($D90=""Iene"",'Data in Local Currency'!G90*GOOGLEFINANCE(""Currency:JPYEUR""), IF($D90=""HKD"",'Data in Local Currency'!G90*GOOGLEFINANCE(""Currency:HKDEUR""), IF($D90=""KRW"",'Data in Local Cu"&"rrency'!G90*GOOGLEFINANCE(""Currency:KRWEUR""),"""")))))))"),"")

Sheet Página3
A1: Empresa | B1: BLOOOMBERG TICKER | C1: ISiN Code | D1: Moeda Antiga | E1: Geral | F1: Cultura e valores | G1: Alta liderança | H1: Culture Score | I1: eNPS | J1: CEO | K1: Managers | L1: Preço Ação Primeira Abertura [EUR] | M1: Ano do Preço Ação Primeira Abertura | N1: Valor da ação há 5 anos [EUR] | O1: Preço Ação Último Fechamento [EUR] | P1: Receita 2021 [EUR] | Q1: EBTIDA 2021 [EUR] | R1: Faz parte do Pacto? Sim ou Não | S1: Quantos engagements faz parte?
A2: BMW AG | B2: BMW GY Equity | C2: DE0005190003 | D2: Euro | E2: 4.2 | F2: 3.9 | G2: 3.7 | H2: 4.5 | I2: 31 | J2: 78 | K2: 76 | L2: =IFERROR(__xludf.DUMMYFUNCTION("IF($D2=""Euro"",'Data in Local Currency'!E4, IF($D2=""Dolar"",'Data in Local Currency'!E4*GOOGLEFINANCE(""Currency:USDEUR""), IF($D2=""Franco Suíço"",'Data in Local Currency'!E4*GOOGLEFINANCE(""Currency:CHFEUR""), IF($D2=""Libra Esterlina"", 'Data in Loca"&"l Currency'!E4*GOOGLEFINANCE(""Currency:GBPEUR""), IF($D2=""Iene"",'Data in Local Currency'!E4*GOOGLEFINANCE(""Currency:JPYEUR""), IF($D2=""HKD"",'Data in Local Currency'!E4*GOOGLEFINANCE(""Currency:HKDEUR""), IF($D2=""KRW"",'Data in Local Currency'!E4*GO"&"OGLEFINANCE(""Currency:KRWEUR""),"""")))))))"),14.1) -> 14.1 | M2: ='Data in Local Currency'!F4 -> 1996 | N2: =IFERROR(__xludf.DUMMYFUNCTION("IF($D2=""Euro"",'Data in Local Currency'!G4, IF($D2=""Dolar"",'Data in Local Currency'!G4*GOOGLEFINANCE(""Currency:USDEUR""), IF($D2=""Franco Suíço"",'Data in Local Currency'!G4*GOOGLEFINANCE(""Currency:CHFEUR""), IF($D2=""Libra Esterlina"", 'Data in Loca"&"l Currency'!G4*GOOGLEFINANCE(""Currency:GBPEUR""), IF($D2=""Iene"",'Data in Local Currency'!G4*GOOGLEFINANCE(""Currency:JPYEUR""), IF($D2=""HKD"",'Data in Local Currency'!G4*GOOGLEFINANCE(""Currency:HKDEUR""), IF($D2=""KRW"",'Data in Local Currency'!G4*GO"&"OGLEFINANCE(""Currency:KRWEUR""),"""")))))))"),7.9) -> 7.9 | O2: 76.67 | P2: 111.24 | Q2: 19.94 | R2: Sim | S2: 3
A3: WALT DISNEY CO | B3: DIS US Equity | C3: US2546871060 | D3: Dolar | E3: 4 | F3: 4 | G3: 3.5 | H3: 4 | I3: 19 | J3: 68 | K3: 71 | L3: =IFERROR(__xludf.DUMMYFUNCTION("IF($D3=""Euro"",'Data in Local Currency'!E5, IF($D3=""Dolar"",'Data in Local Currency'!E5*GOOGLEFINANCE(""Currency:USDEUR""), IF($D3=""Franco Suíço"",'Data in Local Currency'!E5*GOOGLEFINANCE(""Currency:CHFEUR""), IF($D3=""Libra Esterlina"", 'Data in Loca"&"l Currency'!E5*GOOGLEFINANCE(""Currency:GBPEUR""), IF($D3=""Iene"",'Data in Local Currency'!E5*GOOGLEFINANCE(""Currency:JPYEUR""), IF($D3=""HKD"",'Data in Local Currency'!E5*GOOGLEFINANCE(""Currency:HKDEUR""), IF($D3=""KRW"",'Data in Local Currency'!E5*GO"&"OGLEFINANCE(""Currency:KRWEUR""),"""")))))))"),1.0945619999999998) -> 1.094562 | M3: ='Data in Local Currency'!F5 -> 1982 | N3: =IFERROR(__xludf.DUMMYFUNCTION("IF($D3=""Euro"",'Data in Local Currency'!G5, IF($D3=""Dolar"",'Data in Local Currency'!G5*GOOGLEFINANCE(""Currency:USDEUR""), IF($D3=""Franco Suíço"",'Data in Local Currency'!G5*GOOGLEFINANCE(""Currency:CHFEUR""), IF($D3=""Libra Esterlina"", 'Data in Loca"&"l Currency'!G5*GOOGLEFINANCE(""Currency:GBPEUR""), IF($D3=""Iene"",'Data in Local Currency'!G5*GOOGLEFINANCE(""Currency:JPYEUR""), IF($D3=""HKD"",'Data in Local Currency'!G5*GOOGLEFINANCE(""Currency:HKDEUR""), IF($D3=""KRW"",'Data in Local Currency'!G5*GO"&"OGLEFINANCE(""Currency:KRWEUR""),"""")))))))"),104.296122) -> 104.29612 | O3: 125.05 | P3: 61.37 | Q3: 8.06 | R3: Não
A4: ACCENTURE PLCA | B4: ACN US Equity | C4: IE00B4BNMY34 | D4: Dolar | E4: 4.2 | F4: 4.4 | G4: 3.9 | H4: 4.7 | I4: 36 | J4: 85 | K4: 79 | L4: =IFERROR(__xludf.DUMMYFUNCTION("IF($D4=""Euro"",'Data in Local Currency'!E6, IF($D4=""Dolar"",'Data in Local Currency'!E6*GOOGLEFINANCE(""Currency:USDEUR""), IF($D4=""Franco Suíço"",'Data in Local Currency'!E6*GOOGLEFINANCE(""Currency:CHFEUR""), IF($D4=""Libra Esterlina"", 'Data in Loca"&"l Currency'!E6*GOOGLEFINANCE(""Currency:GBPEUR""), IF($D4=""Iene"",'Data in Local Currency'!E6*GOOGLEFINANCE(""Currency:JPYEUR""), IF($D4=""HKD"",'Data in Local Currency'!E6*GOOGLEFINANCE(""Currency:HKDEUR""), IF($D4=""KRW"",'Data in Local Currency'!E6*GO"&"OGLEFINANCE(""Currency:KRWEUR""),"""")))))))"),16.841537999999996) -> 16.841538 | M4: ='Data in Local Currency'!F6 -> 1998 | N4: =IFERROR(__xludf.DUMMYFUNCTION("IF($D4=""Euro"",'Data in Local Currency'!G6, IF($D4=""Dolar"",'Data in Local Currency'!G6*GOOGLEFINANCE(""Currency:USDEUR""), IF($D4=""Franco Suíço"",'Data in Local Currency'!G6*GOOGLEFINANCE(""Currency:CHFEUR""), IF($D4=""Libra Esterlina"", 'Data in Loca"&"l Currency'!G6*GOOGLEFINANCE(""Currency:GBPEUR""), IF($D4=""Iene"",'Data in Local Currency'!G6*GOOGLEFINANCE(""Currency:JPYEUR""), IF($D4=""HKD"",'Data in Local Currency'!G6*GOOGLEFINANCE(""Currency:HKDEUR""), IF($D4=""KRW"",'Data in Local Currency'!G6*GO"&"OGLEFINANCE(""Currency:KRWEUR""),"""")))))))"),110.26562399999999) -> 110.26562 | O4: 292.78 | P4: 46.02 | Q4: 8.76 | R4: Não
A5: MCDONALDS CORP | B5: MCD US Equity | C5: US5801351017 | D5: Dolar | E5: 3.5 | F5: 3.2 | G5: 3.2 | H5: 3.3 | I5: 13 | J5: 65 | K5: 64 | L5: =IFERROR(__xludf.DUMMYFUNCTION("IF($D5=""Euro"",'Data in Local Currency'!E7, IF($D5=""Dolar"",'Data in Local Currency'!E7*GOOGLEFINANCE(""Currency:USDEUR""), IF($D5=""Franco Suíço"",'Data in Local Currency'!E7*GOOGLEFINANCE(""Currency:CHFEUR""), IF($D5=""Libra Esterlina"", 'Data in Loca"&"l Currency'!E7*GOOGLEFINANCE(""Currency:GBPEUR""), IF($D5=""Iene"",'Data in Local Currency'!E7*GOOGLEFINANCE(""Currency:JPYEUR""), IF($D5=""HKD"",'Data in Local Currency'!E7*GOOGLEFINANCE(""Currency:HKDEUR""), IF($D5=""KRW"",'Data in Local Currency'!E7*GO"&"OGLEFINANCE(""Currency:KRWEUR""),"""")))))))"),0.745038) -> 0.745038 | M5: ='Data in Local Currency'!F7 -> 1982 | N5: =IFERROR(__xludf.DUMMYFUNCTION("IF($D5=""Euro"",'Data in Local Currency'!G7, IF($D5=""Dolar"",'Data in Local Currency'!G7*GOOGLEFINANCE(""Currency:USDEUR""), IF($D5=""Franco Suíço"",'Data in Local Currency'!G7*GOOGLEFINANCE(""Currency:CHFEUR""), IF($D5=""Libra Esterlina"", 'Data in Loca"&"l Currency'!G7*GOOGLEFINANCE(""Currency:GBPEUR""), IF($D5=""Iene"",'Data in Local Currency'!G7*GOOGLEFINANCE(""Currency:JPYEUR""), IF($D5=""HKD"",'Data in Local Currency'!G7*GOOGLEFINANCE(""Currency:HKDEUR""), IF($D5=""KRW"",'Data in Local Currency'!G7*GO"&"OGLEFINANCE(""Currency:KRWEUR""),"""")))))))"),119.21527800000001) -> 119.21528 | O5: 212.28 | P5: 21.15 | Q5: 10.6 | R5: Não
A6: HYUNDAI MOTOGDR | B6: HYUD LI Equity | C6: USY384721251 | D6: Dolar | E6: 3.8 | F6: 3.4 | G6: 3.2 | L6: =IFERROR(__xludf.DUMMYFUNCTION("IF($D6=""Euro"",'Data in Local Currency'!E8, IF($D6=""Dolar"",'Data in Local Currency'!E8*GOOGLEFINANCE(""Currency:USDEUR""), IF($D6=""Franco Suíço"",'Data in Local Currency'!E8*GOOGLEFINANCE(""Currency:CHFEUR""), IF($D6=""Libra Esterlina"", 'Data in Loca"&"l Currency'!E8*GOOGLEFINANCE(""Currency:GBPEUR""), IF($D6=""Iene"",'Data in Local Currency'!E8*GOOGLEFINANCE(""Currency:JPYEUR""), IF($D6=""HKD"",'Data in Local Currency'!E8*GOOGLEFINANCE(""Currency:HKDEUR""), IF($D6=""KRW"",'Data in Local Currency'!E8*GO"&"OGLEFINANCE(""Currency:KRWEUR""),"""")))))))"),2.94336) -> 2.94336 | M6: ='Data in Local Currency'!F8 -> 2001 | N6: =IFERROR(__xludf.DUMMYFUNCTION("IF($D6=""Euro"",'Data in Local Currency'!G8, IF($D6=""Dolar"",'Data in Local Currency'!G8*GOOGLEFINANCE(""Currency:USDEUR""), IF($D6=""Franco Suíço"",'Data in Local Currency'!G8*GOOGLEFINANCE(""Currency:CHFEUR""), IF($D6=""Libra Esterlina"", 'Data in Loca"&"l Currency'!G8*GOOGLEFINANCE(""Currency:GBPEUR""), IF($D6=""Iene"",'Data in Local Currency'!G8*GOOGLEFINANCE(""Currency:JPYEUR""), IF($D6=""HKD"",'Data in Local Currency'!G8*GOOGLEFINANCE(""Currency:HKDEUR""), IF($D6=""KRW"",'Data in Local Currency'!G8*GO"&"OGLEFINANCE(""Currency:KRWEUR""),"""")))))))"),37.02195) -> 37.02195 | O6: 30.7609 | P6: 87.39 | Q6: 8.5 | R6: Sim | S6: 0
A7: CATERPILLAR INC | B7: CAT US Equity | C7: US1491231015 | D7: Dolar | E7: 4 | F7: 3.9 | G7: 3.5 | H7: 2.9 | I7: 4 | J7: 61 | K7: 64 | L7: =IFERROR(__xludf.DUMMYFUNCTION("IF($D7=""Euro"",'Data in Local Currency'!E9, IF($D7=""Dolar"",'Data in Local Currency'!E9*GOOGLEFINANCE(""Currency:USDEUR""), IF($D7=""Franco Suíço"",'Data in Local Currency'!E9*GOOGLEFINANCE(""Currency:CHFEUR""), IF($D7=""Libra Esterlina"", 'Data in Loca"&"l Currency'!E9*GOOGLEFINANCE(""Currency:GBPEUR""), IF($D7=""Iene"",'Data in Local Currency'!E9*GOOGLEFINANCE(""Currency:JPYEUR""), IF($D7=""HKD"",'Data in Local Currency'!E9*GOOGLEFINANCE(""Currency:HKDEUR""), IF($D7=""KRW"",'Data in Local Currency'!E9*GO"&"OGLEFINANCE(""Currency:KRWEUR""),"""")))))))"),5.546394) -> 5.546394 | M7: ='Data in Local Currency'!F9 -> 1982 | N7: =IFERROR(__xludf.DUMMYFUNCTION("IF($D7=""Euro"",'Data in Local Currency'!G9, IF($D7=""Dolar"",'Data in Local Currency'!G9*GOOGLEFINANCE(""Currency:USDEUR""), IF($D7=""Franco Suíço"",'Data in Local Currency'!G9*GOOGLEFINANCE(""Currency:CHFEUR""), IF($D7=""Libra Esterlina"", 'Data in Loca"&"l Currency'!G9*GOOGLEFINANCE(""Currency:GBPEUR""), IF($D7=""Iene"",'Data in Local Currency'!G9*GOOGLEFINANCE(""Currency:JPYEUR""), IF($D7=""HKD"",'Data in Local Currency'!G9*GOOGLEFINANCE(""Currency:HKDEUR""), IF($D7=""KRW"",'Data in Local Currency'!G9*GO"&"OGLEFINANCE(""Currency:KRWEUR""),"""")))))))"),85.320648) -> 85.320648 | O7: 201.77 | P7: 46.43 | Q7: 8.49 | R7: Não
A8: ALIBABA GRPADR | B8: BABA US Equity | C8: US01609W1027 | D8: Dolar | E8: 4 | F8: 3.6 | G8: 3.6 | H8: 4.3 | I8: 33 | J8: 80 | K8: 57 | L8: =IFERROR(__xludf.DUMMYFUNCTION("IF($D8=""Euro"",'Data in Local Currency'!E10, IF($D8=""Dolar"",'Data in Local Currency'!E10*GOOGLEFINANCE(""Currency:USDEUR""), IF($D8=""Franco Suíço"",'Data in Local Currency'!E10*GOOGLEFINANCE(""Currency:CHFEUR""), IF($D8=""Libra Esterlina"", 'Data in L"&"ocal Currency'!E10*GOOGLEFINANCE(""Currency:GBPEUR""), IF($D8=""Iene"",'Data in Local Currency'!E10*GOOGLEFINANCE(""Currency:JPYEUR""), IF($D8=""HKD"",'Data in Local Currency'!E10*GOOGLEFINANCE(""Currency:HKDEUR""), IF($D8=""KRW"",'Data in Local Currency'"&"!E10*GOOGLEFINANCE(""Currency:KRWEUR""),"""")))))))"),78.99242399999999) -> 78.992424 | M8: ='Data in Local Currency'!F10 -> 2014 | N8: =IFERROR(__xludf.DUMMYFUNCTION("IF($D8=""Euro"",'Data in Local Currency'!G10, IF($D8=""Dolar"",'Data in Local Currency'!G10*GOOGLEFINANCE(""Currency:USDEUR""), IF($D8=""Franco Suíço"",'Data in Local Currency'!G10*GOOGLEFINANCE(""Currency:CHFEUR""), IF($D8=""Libra Esterlina"", 'Data in L"&"ocal Currency'!G10*GOOGLEFINANCE(""Currency:GBPEUR""), IF($D8=""Iene"",'Data in Local Currency'!G10*GOOGLEFINANCE(""Currency:JPYEUR""), IF($D8=""HKD"",'Data in Local Currency'!G10*GOOGLEFINANCE(""Currency:HKDEUR""), IF($D8=""KRW"",'Data in Local Currency'"&"!G10*GOOGLEFINANCE(""Currency:KRWEUR""),"""")))))))"),99.18203399999999) -> 99.182034 | O8: 93.39 | P8: 102.51 | Q8: 28.13 | R8: Sim | S8: 2
A9: STARBUCKS CORP | B9: SBUX US Equity | C9: US8552441094 | D9: Dolar | E9: 3.8 | F9: 3.8 | G9: 3.3 | H9: 4.5 | I9: 15 | J9: 71 | K9: 72 | L9: =IFERROR(__xludf.DUMMYFUNCTION("IF($D9=""Euro"",'Data in Local Currency'!E11, IF($D9=""Dolar"",'Data in Local Currency'!E11*GOOGLEFINANCE(""Currency:USDEUR""), IF($D9=""Franco Suíço"",'Data in Local Currency'!E11*GOOGLEFINANCE(""Currency:CHFEUR""), IF($D9=""Libra Esterlina"", 'Data in L"&"ocal Currency'!E11*GOOGLEFINANCE(""Currency:GBPEUR""), IF($D9=""Iene"",'Data in Local Currency'!E11*GOOGLEFINANCE(""Currency:JPYEUR""), IF($D9=""HKD"",'Data in Local Currency'!E11*GOOGLEFINANCE(""Currency:HKDEUR""), IF($D9=""KRW"",'Data in Local Currency'"&"!E11*GOOGLEFINANCE(""Currency:KRWEUR""),"""")))))))"),0.294336) -> 0.294336 | M9: ='Data in Local Currency'!F11 -> 1992 | N9: =IFERROR(__xludf.DUMMYFUNCTION("IF($D9=""Euro"",'Data in Local Currency'!G11, IF($D9=""Dolar"",'Data in Local Currency'!G11*GOOGLEFINANCE(""Currency:USDEUR""), IF($D9=""Franco Suíço"",'Data in Local Currency'!G11*GOOGLEFINANCE(""Currency:CHFEUR""), IF($D9=""Libra Esterlina"", 'Data in L"&"ocal Currency'!G11*GOOGLEFINANCE(""Currency:GBPEUR""), IF($D9=""Iene"",'Data in Local Currency'!G11*GOOGLEFINANCE(""Currency:JPYEUR""), IF($D9=""HKD"",'Data in Local Currency'!G11*GOOGLEFINANCE(""Currency:HKDEUR""), IF($D9=""KRW"",'Data in Local Currency'"&"!G11*GOOGLEFINANCE(""Currency:KRWEUR""),"""")))))))"),55.243187999999996) -> 55.243188 | O9: 78.35 | P9: 26.47 | Q9: 6.78 | R9: Sim | S9: 4
A10: VIDRALA | B10: VID SM Equity | C10: ES0183746314 | D10: Euro | E10: 3.4 | F10: 3.4 | G10: 2.7 | L10: =IFERROR(__xludf.DUMMYFUNCTION("IF($D10=""Euro"",'Data in Local Currency'!E12, IF($D10=""Dolar"",'Data in Local Currency'!E12*GOOGLEFINANCE(""Currency:USDEUR""), IF($D10=""Franco Suíço"",'Data in Local Currency'!E12*GOOGLEFINANCE(""Currency:CHFEUR""), IF($D10=""Libra Esterlina"", 'Data "&"in Local Currency'!E12*GOOGLEFINANCE(""Currency:GBPEUR""), IF($D10=""Iene"",'Data in Local Currency'!E12*GOOGLEFINANCE(""Currency:JPYEUR""), IF($D10=""HKD"",'Data in Local Currency'!E12*GOOGLEFINANCE(""Currency:HKDEUR""), IF($D10=""KRW"",'Data in Local Cu"&"rrency'!E12*GOOGLEFINANCE(""Currency:KRWEUR""),"""")))))))"),4.6) -> 4.6 | M10: ='Data in Local Currency'!F12 -> 2000 | N10: =IFERROR(__xludf.DUMMYFUNCTION("IF($D10=""Euro"",'Data in Local Currency'!G12, IF($D10=""Dolar"",'Data in Local Currency'!G12*GOOGLEFINANCE(""Currency:USDEUR""), IF($D10=""Franco Suíço"",'Data in Local Currency'!G12*GOOGLEFINANCE(""Currency:CHFEUR""), IF($D10=""Libra Esterlina"", 'Data "&"in Local Currency'!G12*GOOGLEFINANCE(""Currency:GBPEUR""), IF($D10=""Iene"",'Data in Local Currency'!G12*GOOGLEFINANCE(""Currency:JPYEUR""), IF($D10=""HKD"",'Data in Local Currency'!G12*GOOGLEFINANCE(""Currency:HKDEUR""), IF($D10=""KRW"",'Data in Local Cu"&"rrency'!G12*GOOGLEFINANCE(""Currency:KRWEUR""),"""")))))))"),44.34) -> 44.34 | O10: 64.8 | P10: 1.08 | Q10: 0.23 | R10: Não
A11: ROYAL DUTCH SHA | B11: RDSA NA Equity | C11: GB00B03MLX29 | D11: Euro | E11: 4.1 | F11: 4.1 | G11: 3.6 | H11: 3.7 | I11: 19 | J11: 73 | K11: 67 | L11: =IFERROR(__xludf.DUMMYFUNCTION("IF($D11=""Euro"",'Data in Local Currency'!E13, IF($D11=""Dolar"",'Data in Local Currency'!E13*GOOGLEFINANCE(""Currency:USDEUR""), IF($D11=""Franco Suíço"",'Data in Local Currency'!E13*GOOGLEFINANCE(""Currency:CHFEUR""), IF($D11=""Libra Esterlina"", 'Data "&"in Local Currency'!E13*GOOGLEFINANCE(""Currency:GBPEUR""), IF($D11=""Iene"",'Data in Local Currency'!E13*GOOGLEFINANCE(""Currency:JPYEUR""), IF($D11=""HKD"",'Data in Local Currency'!E13*GOOGLEFINANCE(""Currency:HKDEUR""), IF($D11=""KRW"",'Data in Local Cu"&"rrency'!E13*GOOGLEFINANCE(""Currency:KRWEUR""),"""")))))))"),26.44) -> 26.44 | M11: ='Data in Local Currency'!F13 -> 2005 | N11: =IFERROR(__xludf.DUMMYFUNCTION("IF($D11=""Euro"",'Data in Local Currency'!G13, IF($D11=""Dolar"",'Data in Local Currency'!G13*GOOGLEFINANCE(""Currency:USDEUR""), IF($D11=""Franco Suíço"",'Data in Local Currency'!G13*GOOGLEFINANCE(""Currency:CHFEUR""), IF($D11=""Libra Esterlina"", 'Data "&"in Local Currency'!G13*GOOGLEFINANCE(""Currency:GBPEUR""), IF($D11=""Iene"",'Data in Local Currency'!G13*GOOGLEFINANCE(""Currency:JPYEUR""), IF($D11=""HKD"",'Data in Local Currency'!G13*GOOGLEFINANCE(""Currency:HKDEUR""), IF($D11=""KRW"",'Data in Local Cu"&"rrency'!G13*GOOGLEFINANCE(""Currency:KRWEUR""),"""")))))))"),23.88) -> 23.88 | O11: 24.14 | P11: 238.15 | Q11: 28.9 | R11: Sim | S11: 2
A12: HOLCIM LTD | B12: HOLN SW Equity | C12: CH0012214059 | D12: Franco Suíço | E12: 3.7 | F12: 3.4 | G12: 3.1 | H12: 4.1 | I12: 25 | J12: 63 | K12: 69 | L12: =IFERROR(__xludf.DUMMYFUNCTION("IF($D12=""Euro"",'Data in Local Currency'!E14, IF($D12=""Dolar"",'Data in Local Currency'!E14*GOOGLEFINANCE(""Currency:USDEUR""), IF($D12=""Franco Suíço"",'Data in Local Currency'!E14*GOOGLEFINANCE(""Currency:CHFEUR""), IF($D12=""Libra Esterlina"", 'Data "&"in Local Currency'!E14*GOOGLEFINANCE(""Currency:GBPEUR""), IF($D12=""Iene"",'Data in Local Currency'!E14*GOOGLEFINANCE(""Currency:JPYEUR""), IF($D12=""HKD"",'Data in Local Currency'!E14*GOOGLEFINANCE(""Currency:HKDEUR""), IF($D12=""KRW"",'Data in Local Cu"&"rrency'!E14*GOOGLEFINANCE(""Currency:KRWEUR""),"""")))))))"),29.446945343999996) -> 29.446945 | M12: ='Data in Local Currency'!F14 -> 2001 | N12: =IFERROR(__xludf.DUMMYFUNCTION("IF($D12=""Euro"",'Data in Local Currency'!G14, IF($D12=""Dolar"",'Data in Local Currency'!G14*GOOGLEFINANCE(""Currency:USDEUR""), IF($D12=""Franco Suíço"",'Data in Local Currency'!G14*GOOGLEFINANCE(""Currency:CHFEUR""), IF($D12=""Libra Esterlina"", 'Data "&"in Local Currency'!G14*GOOGLEFINANCE(""Currency:GBPEUR""), IF($D12=""Iene"",'Data in Local Currency'!G14*GOOGLEFINANCE(""Currency:JPYEUR""), IF($D12=""HKD"",'Data in Local Currency'!G14*GOOGLEFINANCE(""Currency:HKDEUR""), IF($D12=""KRW"",'Data in Local Cu"&"rrency'!G14*GOOGLEFINANCE(""Currency:KRWEUR""),"""")))))))"),55.52683775999999) -> 55.526838 | O12: 44.73 | P12: 26.12 | Q12: 6.25 | R12: Sim | S12: 8
A13: MICHELIN | B13: ML FP Equity | C13: FR0000121261 | D13: Euro | E13: 4.1 | F13: 4.2 | G13: 3.8 | H13: 4.5 | I13: 35 | J13: 78 | K13: 72 | L13: =IFERROR(__xludf.DUMMYFUNCTION("IF($D13=""Euro"",'Data in Local Currency'!E15, IF($D13=""Dolar"",'Data in Local Currency'!E15*GOOGLEFINANCE(""Currency:USDEUR""), IF($D13=""Franco Suíço"",'Data in Local Currency'!E15*GOOGLEFINANCE(""Currency:CHFEUR""), IF($D13=""Libra Esterlina"", 'Data "&"in Local Currency'!E15*GOOGLEFINANCE(""Currency:GBPEUR""), IF($D13=""Iene"",'Data in Local Currency'!E15*GOOGLEFINANCE(""Currency:JPYEUR""), IF($D13=""HKD"",'Data in Local Currency'!E15*GOOGLEFINANCE(""Currency:HKDEUR""), IF($D13=""KRW"",'Data in Local Cu"&"rrency'!E15*GOOGLEFINANCE(""Currency:KRWEUR""),"""")))))))"),31.34) -> 31.34 | M13: ='Data in Local Currency'!F15 -> 2000 | N13: =IFERROR(__xludf.DUMMYFUNCTION("IF($D13=""Euro"",'Data in Local Currency'!G15, IF($D13=""Dolar"",'Data in Local Currency'!G15*GOOGLEFINANCE(""Currency:USDEUR""), IF($D13=""Franco Suíço"",'Data in Local Currency'!G15*GOOGLEFINANCE(""Currency:CHFEUR""), IF($D13=""Libra Esterlina"", 'Data "&"in Local Currency'!G15*GOOGLEFINANCE(""Currency:GBPEUR""), IF($D13=""Iene"",'Data in Local Currency'!G15*GOOGLEFINANCE(""Currency:JPYEUR""), IF($D13=""HKD"",'Data in Local Currency'!G15*GOOGLEFINANCE(""Currency:HKDEUR""), IF($D13=""KRW"",'Data in Local Cu"&"rrency'!G15*GOOGLEFINANCE(""Currency:KRWEUR""),"""")))))))"),119.95) -> 119.95 | O13: 123.25 | P13: 23.8 | R13: Sim | S13: 3
A14: RYANAIR HLDGS | B14: RYA ID Equity | C14: IE00BYTBXV33 | D14: Euro | E14: 3.3 | F14: 2.9 | G14: 2.7 | H14: 2.6 | I14: 75 | J14: 25 | K14: 38 | L14: =IFERROR(__xludf.DUMMYFUNCTION("IF($D14=""Euro"",'Data in Local Currency'!E16, IF($D14=""Dolar"",'Data in Local Currency'!E16*GOOGLEFINANCE(""Currency:USDEUR""), IF($D14=""Franco Suíço"",'Data in Local Currency'!E16*GOOGLEFINANCE(""Currency:CHFEUR""), IF($D14=""Libra Esterlina"", 'Data "&"in Local Currency'!E16*GOOGLEFINANCE(""Currency:GBPEUR""), IF($D14=""Iene"",'Data in Local Currency'!E16*GOOGLEFINANCE(""Currency:JPYEUR""), IF($D14=""HKD"",'Data in Local Currency'!E16*GOOGLEFINANCE(""Currency:HKDEUR""), IF($D14=""KRW"",'Data in Local Cu"&"rrency'!E16*GOOGLEFINANCE(""Currency:KRWEUR""),"""")))))))"),1.97) -> 1.97 | M14: ='Data in Local Currency'!F16 -> 2002 | N14: =IFERROR(__xludf.DUMMYFUNCTION("IF($D14=""Euro"",'Data in Local Currency'!G16, IF($D14=""Dolar"",'Data in Local Currency'!G16*GOOGLEFINANCE(""Currency:USDEUR""), IF($D14=""Franco Suíço"",'Data in Local Currency'!G16*GOOGLEFINANCE(""Currency:CHFEUR""), IF($D14=""Libra Esterlina"", 'Data "&"in Local Currency'!G16*GOOGLEFINANCE(""Currency:GBPEUR""), IF($D14=""Iene"",'Data in Local Currency'!G16*GOOGLEFINANCE(""Currency:JPYEUR""), IF($D14=""HKD"",'Data in Local Currency'!G16*GOOGLEFINANCE(""Currency:HKDEUR""), IF($D14=""KRW"",'Data in Local Cu"&"rrency'!G16*GOOGLEFINANCE(""Currency:KRWEUR""),"""")))))))"),15.95) -> 15.95 | O14: 13.7 | P14: 1.64 | R14: Sim | S14: 0
A15: TRIGANO SA | B15: TRI FP Equity | C15: FR0005691656 | D15: Euro | E15: 3.4 | F15: 2.4 | G15: 2.4 | L15: =IFERROR(__xludf.DUMMYFUNCTION("IF($D15=""Euro"",'Data in Local Currency'!E17, IF($D15=""Dolar"",'Data in Local Currency'!E17*GOOGLEFINANCE(""Currency:USDEUR""), IF($D15=""Franco Suíço"",'Data in Local Currency'!E17*GOOGLEFINANCE(""Currency:CHFEUR""), IF($D15=""Libra Esterlina"", 'Data "&"in Local Currency'!E17*GOOGLEFINANCE(""Currency:GBPEUR""), IF($D15=""Iene"",'Data in Local Currency'!E17*GOOGLEFINANCE(""Currency:JPYEUR""), IF($D15=""HKD"",'Data in Local Currency'!E17*GOOGLEFINANCE(""Currency:HKDEUR""), IF($D15=""KRW"",'Data in Local Cu"&"rrency'!E17*GOOGLEFINANCE(""Currency:KRWEUR""),"""")))))))"),2.9) -> 2.9 | M15: ='Data in Local Currency'!F17 -> 1998 | N15: =IFERROR(__xludf.DUMMYFUNCTION("IF($D15=""Euro"",'Data in Local Currency'!G17, IF($D15=""Dolar"",'Data in Local Currency'!G17*GOOGLEFINANCE(""Currency:USDEUR""), IF($D15=""Franco Suíço"",'Data in Local Currency'!G17*GOOGLEFINANCE(""Currency:CHFEUR""), IF($D15=""Libra Esterlina"", 'Data "&"in Local Currency'!G17*GOOGLEFINANCE(""Currency:GBPEUR""), IF($D15=""Iene"",'Data in Local Currency'!G17*GOOGLEFINANCE(""Currency:JPYEUR""), IF($D15=""HKD"",'Data in Local Currency'!G17*GOOGLEFINANCE(""Currency:HKDEUR""), IF($D15=""KRW"",'Data in Local Cu"&"rrency'!G17*GOOGLEFINANCE(""Currency:KRWEUR""),"""")))))))"),97.05) -> 97.05 | O15: 139.7 | P15: 2.93 | Q15: 0.42 | R15: Não
A16: BENETEAU | B16: BEN FP Equity | C16: FR0000035164 | D16: Euro | E16: 3.7 | F16: 3.4 | G16: 3 | L16: =IFERROR(__xludf.DUMMYFUNCTION("IF($D16=""Euro"",'Data in Local Currency'!E18, IF($D16=""Dolar"",'Data in Local Currency'!E18*GOOGLEFINANCE(""Currency:USDEUR""), IF($D16=""Franco Suíço"",'Data in Local Currency'!E18*GOOGLEFINANCE(""Currency:CHFEUR""), IF($D16=""Libra Esterlina"", 'Data "&"in Local Currency'!E18*GOOGLEFINANCE(""Currency:GBPEUR""), IF($D16=""Iene"",'Data in Local Currency'!E18*GOOGLEFINANCE(""Currency:JPYEUR""), IF($D16=""HKD"",'Data in Local Currency'!E18*GOOGLEFINANCE(""Currency:HKDEUR""), IF($D16=""KRW"",'Data in Local Cu"&"rrency'!E18*GOOGLEFINANCE(""Currency:KRWEUR""),"""")))))))"),0.18) -> 0.18 | M16: ='Data in Local Currency'!F18 -> 1997 | N16: =IFERROR(__xludf.DUMMYFUNCTION("IF($D16=""Euro"",'Data in Local Currency'!G18, IF($D16=""Dolar"",'Data in Local Currency'!G18*GOOGLEFINANCE(""Currency:USDEUR""), IF($D16=""Franco Suíço"",'Data in Local Currency'!G18*GOOGLEFINANCE(""Currency:CHFEUR""), IF($D16=""Libra Esterlina"", 'Data "&"in Local Currency'!G18*GOOGLEFINANCE(""Currency:GBPEUR""), IF($D16=""Iene"",'Data in Local Currency'!G18*GOOGLEFINANCE(""Currency:JPYEUR""), IF($D16=""HKD"",'Data in Local Currency'!G18*GOOGLEFINANCE(""Currency:HKDEUR""), IF($D16=""KRW"",'Data in Local Cu"&"rrency'!G18*GOOGLEFINANCE(""Currency:KRWEUR""),"""")))))))"),13.02) -> 13.02 | O16: 14.16 | P16: 1.23 | R16: Sim | S16: 0
A17: SAINT GOBAIN | B17: SGO FP Equity | C17: FR0000125007 | D17: Euro | E17: 4.1 | F17: 4.1 | G17: 3.6 | L17: =IFERROR(__xludf.DUMMYFUNCTION("IF($D17=""Euro"",'Data in Local Currency'!E19, IF($D17=""Dolar"",'Data in Local Currency'!E19*GOOGLEFINANCE(""Currency:USDEUR""), IF($D17=""Franco Suíço"",'Data in Local Currency'!E19*GOOGLEFINANCE(""Currency:CHFEUR""), IF($D17=""Libra Esterlina"", 'Data "&"in Local Currency'!E19*GOOGLEFINANCE(""Currency:GBPEUR""), IF($D17=""Iene"",'Data in Local Currency'!E19*GOOGLEFINANCE(""Currency:JPYEUR""), IF($D17=""HKD"",'Data in Local Currency'!E19*GOOGLEFINANCE(""Currency:HKDEUR""), IF($D17=""KRW"",'Data in Local Cu"&"rrency'!E19*GOOGLEFINANCE(""Currency:KRWEUR""),"""")))))))"),36.13) -> 36.13 | M17: ='Data in Local Currency'!F19 -> 2000 | N17: =IFERROR(__xludf.DUMMYFUNCTION("IF($D17=""Euro"",'Data in Local Currency'!G19, IF($D17=""Dolar"",'Data in Local Currency'!G19*GOOGLEFINANCE(""Currency:USDEUR""), IF($D17=""Franco Suíço"",'Data in Local Currency'!G19*GOOGLEFINANCE(""Currency:CHFEUR""), IF($D17=""Libra Esterlina"", 'Data "&"in Local Currency'!G19*GOOGLEFINANCE(""Currency:GBPEUR""), IF($D17=""Iene"",'Data in Local Currency'!G19*GOOGLEFINANCE(""Currency:JPYEUR""), IF($D17=""HKD"",'Data in Local Currency'!G19*GOOGLEFINANCE(""Currency:HKDEUR""), IF($D17=""KRW"",'Data in Local Cu"&"rrency'!G19*GOOGLEFINANCE(""Currency:KRWEUR""),"""")))))))"),49.55) -> 49.55 | O17: 57.88 | P17: 44.16 | Q17: 6.44 | R17: Sim | S17: 6
A18: BEKAERT NV | B18: BEKB BB Equity | C18: BE0974258874 | D18: Euro | E18: 4.1 | F18: 3.9 | G18: 3.5 | H18: 3 | I18: 75 | J18: 58 | K18: 60 | L18: =IFERROR(__xludf.DUMMYFUNCTION("IF($D18=""Euro"",'Data in Local Currency'!E20, IF($D18=""Dolar"",'Data in Local Currency'!E20*GOOGLEFINANCE(""Currency:USDEUR""), IF($D18=""Franco Suíço"",'Data in Local Currency'!E20*GOOGLEFINANCE(""Currency:CHFEUR""), IF($D18=""Libra Esterlina"", 'Data "&"in Local Currency'!E20*GOOGLEFINANCE(""Currency:GBPEUR""), IF($D18=""Iene"",'Data in Local Currency'!E20*GOOGLEFINANCE(""Currency:JPYEUR""), IF($D18=""HKD"",'Data in Local Currency'!E20*GOOGLEFINANCE(""Currency:HKDEUR""), IF($D18=""KRW"",'Data in Local Cu"&"rrency'!E20*GOOGLEFINANCE(""Currency:KRWEUR""),"""")))))))"),18.17) -> 18.17 | M18: ='Data in Local Currency'!F20 -> 2000 | N18: =IFERROR(__xludf.DUMMYFUNCTION("IF($D18=""Euro"",'Data in Local Currency'!G20, IF($D18=""Dolar"",'Data in Local Currency'!G20*GOOGLEFINANCE(""Currency:USDEUR""), IF($D18=""Franco Suíço"",'Data in Local Currency'!G20*GOOGLEFINANCE(""Currency:CHFEUR""), IF($D18=""Libra Esterlina"", 'Data "&"in Local Currency'!G20*GOOGLEFINANCE(""Currency:GBPEUR""), IF($D18=""Iene"",'Data in Local Currency'!G20*GOOGLEFINANCE(""Currency:JPYEUR""), IF($D18=""HKD"",'Data in Local Currency'!G20*GOOGLEFINANCE(""Currency:HKDEUR""), IF($D18=""KRW"",'Data in Local Cu"&"rrency'!G20*GOOGLEFINANCE(""Currency:KRWEUR""),"""")))))))"),46.22) -> 46.22 | O18: 36.92 | P18: 4.84 | Q18: 0.64 | R18: Não
A19: STABILUS SA | B19: STM GY Equity | C19: LU1066226637 | D19: Euro | E19: 3.9 | F19: 3.6 | G19: 3.4 | L19: =IFERROR(__xludf.DUMMYFUNCTION("IF($D19=""Euro"",'Data in Local Currency'!E21, IF($D19=""Dolar"",'Data in Local Currency'!E21*GOOGLEFINANCE(""Currency:USDEUR""), IF($D19=""Franco Suíço"",'Data in Local Currency'!E21*GOOGLEFINANCE(""Currency:CHFEUR""), IF($D19=""Libra Esterlina"", 'Data "&"in Local Currency'!E21*GOOGLEFINANCE(""Currency:GBPEUR""), IF($D19=""Iene"",'Data in Local Currency'!E21*GOOGLEFINANCE(""Currency:JPYEUR""), IF($D19=""HKD"",'Data in Local Currency'!E21*GOOGLEFINANCE(""Currency:HKDEUR""), IF($D19=""KRW"",'Data in Local Cu"&"rrency'!E21*GOOGLEFINANCE(""Currency:KRWEUR""),"""")))))))"),23.35) -> 23.35 | M19: ='Data in Local Currency'!F21 -> 2016 | N19: =IFERROR(__xludf.DUMMYFUNCTION("IF($D19=""Euro"",'Data in Local Currency'!G21, IF($D19=""Dolar"",'Data in Local Currency'!G21*GOOGLEFINANCE(""Currency:USDEUR""), IF($D19=""Franco Suíço"",'Data in Local Currency'!G21*GOOGLEFINANCE(""Currency:CHFEUR""), IF($D19=""Libra Esterlina"", 'Data "&"in Local Currency'!G21*GOOGLEFINANCE(""Currency:GBPEUR""), IF($D19=""Iene"",'Data in Local Currency'!G21*GOOGLEFINANCE(""Currency:JPYEUR""), IF($D19=""HKD"",'Data in Local Currency'!G21*GOOGLEFINANCE(""Currency:HKDEUR""), IF($D19=""KRW"",'Data in Local Cu"&"rrency'!G21*GOOGLEFINANCE(""Currency:KRWEUR""),"""")))))))"),66.49) -> 66.49 | O19: 50.35 | P19: 0.94 | Q19: 0.02 | R19: Sim | S19: 0
A20: DECEUNINCK NV | B20: DECB BB Equity | C20: BE0003789063 | D20: Euro | E20: 2.8 | F20: 2.2 | G20: 2.3 | L20: =IFERROR(__xludf.DUMMYFUNCTION("IF($D20=""Euro"",'Data in Local Currency'!E22, IF($D20=""Dolar"",'Data in Local Currency'!E22*GOOGLEFINANCE(""Currency:USDEUR""), IF($D20=""Franco Suíço"",'Data in Local Currency'!E22*GOOGLEFINANCE(""Currency:CHFEUR""), IF($D20=""Libra Esterlina"", 'Data "&"in Local Currency'!E22*GOOGLEFINANCE(""Currency:GBPEUR""), IF($D20=""Iene"",'Data in Local Currency'!E22*GOOGLEFINANCE(""Currency:JPYEUR""), IF($D20=""HKD"",'Data in Local Currency'!E22*GOOGLEFINANCE(""Currency:HKDEUR""), IF($D20=""KRW"",'Data in Local Cu"&"rrency'!E22*GOOGLEFINANCE(""Currency:KRWEUR""),"""")))))))"),7.01) -> 7.01 | M20: ='Data in Local Currency'!F22 -> 2000 | N20: =IFERROR(__xludf.DUMMYFUNCTION("IF($D20=""Euro"",'Data in Local Currency'!G22, IF($D20=""Dolar"",'Data in Local Currency'!G22*GOOGLEFINANCE(""Currency:USDEUR""), IF($D20=""Franco Suíço"",'Data in Local Currency'!G22*GOOGLEFINANCE(""Currency:CHFEUR""), IF($D20=""Libra Esterlina"", 'Data "&"in Local Currency'!G22*GOOGLEFINANCE(""Currency:GBPEUR""), IF($D20=""Iene"",'Data in Local Currency'!G22*GOOGLEFINANCE(""Currency:JPYEUR""), IF($D20=""HKD"",'Data in Local Currency'!G22*GOOGLEFINANCE(""Currency:HKDEUR""), IF($D20=""KRW"",'Data in Local Cu"&"rrency'!G22*GOOGLEFINANCE(""Currency:KRWEUR""),"""")))))))"),2.78) -> 2.78 | O20: 2.83 | P20: 0.84 | Q20: 0.09 | R20: Sim | S20: 2
A21: MUNCHENER RUER | B21: MUV2 GY Equity | C21: DE0008430026 | D21: Euro | E21: 4.4 | F21: 4.1 | G21: 3.9 | H21: 2.8 | I21: 17 | J21: 78 | K21: 50 | L21: =IFERROR(__xludf.DUMMYFUNCTION("IF($D21=""Euro"",'Data in Local Currency'!E23, IF($D21=""Dolar"",'Data in Local Currency'!E23*GOOGLEFINANCE(""Currency:USDEUR""), IF($D21=""Franco Suíço"",'Data in Local Currency'!E23*GOOGLEFINANCE(""Currency:CHFEUR""), IF($D21=""Libra Esterlina"", 'Data "&"in Local Currency'!E23*GOOGLEFINANCE(""Currency:GBPEUR""), IF($D21=""Iene"",'Data in Local Currency'!E23*GOOGLEFINANCE(""Currency:JPYEUR""), IF($D21=""HKD"",'Data in Local Currency'!E23*GOOGLEFINANCE(""Currency:HKDEUR""), IF($D21=""KRW"",'Data in Local Cu"&"rrency'!E23*GOOGLEFINANCE(""Currency:KRWEUR""),"""")))))))"),216.89) -> 216.89 | M21: ='Data in Local Currency'!F23 -> 1998 | N21: =IFERROR(__xludf.DUMMYFUNCTION("IF($D21=""Euro"",'Data in Local Currency'!G23, IF($D21=""Dolar"",'Data in Local Currency'!G23*GOOGLEFINANCE(""Currency:USDEUR""), IF($D21=""Franco Suíço"",'Data in Local Currency'!G23*GOOGLEFINANCE(""Currency:CHFEUR""), IF($D21=""Libra Esterlina"", 'Data "&"in Local Currency'!G23*GOOGLEFINANCE(""Currency:GBPEUR""), IF($D21=""Iene"",'Data in Local Currency'!G23*GOOGLEFINANCE(""Currency:JPYEUR""), IF($D21=""HKD"",'Data in Local Currency'!G23*GOOGLEFINANCE(""Currency:HKDEUR""), IF($D21=""KRW"",'Data in Local Cu"&"rrency'!G23*GOOGLEFINANCE(""Currency:KRWEUR""),"""")))))))"),175.95) -> 175.95 | O21: 240 | P21: 70.24 | R21: Sim | S21: 0
A22: AENA SME SA | B22: AENA SM Equity | C22: ES0105046009 | D22: Euro | E22: 3.7 | F22: 3.3 | G22: 3.2 | L22: =IFERROR(__xludf.DUMMYFUNCTION("IF($D22=""Euro"",'Data in Local Currency'!E24, IF($D22=""Dolar"",'Data in Local Currency'!E24*GOOGLEFINANCE(""Currency:USDEUR""), IF($D22=""Franco Suíço"",'Data in Local Currency'!E24*GOOGLEFINANCE(""Currency:CHFEUR""), IF($D22=""Libra Esterlina"", 'Data "&"in Local Currency'!E24*GOOGLEFINANCE(""Currency:GBPEUR""), IF($D22=""Iene"",'Data in Local Currency'!E24*GOOGLEFINANCE(""Currency:JPYEUR""), IF($D22=""HKD"",'Data in Local Currency'!E24*GOOGLEFINANCE(""Currency:HKDEUR""), IF($D22=""KRW"",'Data in Local Cu"&"rrency'!E24*GOOGLEFINANCE(""Currency:KRWEUR""),"""")))))))"),74.0) -> 74 | M22: ='Data in Local Currency'!F24 -> 2015 | N22: =IFERROR(__xludf.DUMMYFUNCTION("IF($D22=""Euro"",'Data in Local Currency'!G24, IF($D22=""Dolar"",'Data in Local Currency'!G24*GOOGLEFINANCE(""Currency:USDEUR""), IF($D22=""Franco Suíço"",'Data in Local Currency'!G24*GOOGLEFINANCE(""Currency:CHFEUR""), IF($D22=""Libra Esterlina"", 'Data "&"in Local Currency'!G24*GOOGLEFINANCE(""Currency:GBPEUR""), IF($D22=""Iene"",'Data in Local Currency'!G24*GOOGLEFINANCE(""Currency:JPYEUR""), IF($D22=""HKD"",'Data in Local Currency'!G24*GOOGLEFINANCE(""Currency:HKDEUR""), IF($D22=""KRW"",'Data in Local Cu"&"rrency'!G24*GOOGLEFINANCE(""Currency:KRWEUR""),"""")))))))"),162.0) -> 162 | O22: 145.15 | P22: 2.32 | Q22: 0.82 | R22: Sim | S22: 0
A23: CORTICEIRA AMORI | B23: COR PL Equity | C23: PTCOR0AE0006 | D23: Euro | E23: 3.5 | F23: 3.9 | G23: 4 | L23: =IFERROR(__xludf.DUMMYFUNCTION("IF($D23=""Euro"",'Data in Local Currency'!E25, IF($D23=""Dolar"",'Data in Local Currency'!E25*GOOGLEFINANCE(""Currency:USDEUR""), IF($D23=""Franco Suíço"",'Data in Local Currency'!E25*GOOGLEFINANCE(""Currency:CHFEUR""), IF($D23=""Libra Esterlina"", 'Data "&"in Local Currency'!E25*GOOGLEFINANCE(""Currency:GBPEUR""), IF($D23=""Iene"",'Data in Local Currency'!E25*GOOGLEFINANCE(""Currency:JPYEUR""), IF($D23=""HKD"",'Data in Local Currency'!E25*GOOGLEFINANCE(""Currency:HKDEUR""), IF($D23=""KRW"",'Data in Local Cu"&"rrency'!E25*GOOGLEFINANCE(""Currency:KRWEUR""),"""")))))))"),9.35) -> 9.35 | M23: ='Data in Local Currency'!F25 -> 2000 | N23: =IFERROR(__xludf.DUMMYFUNCTION("IF($D23=""Euro"",'Data in Local Currency'!G25, IF($D23=""Dolar"",'Data in Local Currency'!G25*GOOGLEFINANCE(""Currency:USDEUR""), IF($D23=""Franco Suíço"",'Data in Local Currency'!G25*GOOGLEFINANCE(""Currency:CHFEUR""), IF($D23=""Libra Esterlina"", 'Data "&"in Local Currency'!G25*GOOGLEFINANCE(""Currency:GBPEUR""), IF($D23=""Iene"",'Data in Local Currency'!G25*GOOGLEFINANCE(""Currency:JPYEUR""), IF($D23=""HKD"",'Data in Local Currency'!G25*GOOGLEFINANCE(""Currency:HKDEUR""), IF($D23=""KRW"",'Data in Local Cu"&"rrency'!G25*GOOGLEFINANCE(""Currency:KRWEUR""),"""")))))))"),11.0) -> 11 | O23: 10.1 | P23: 0.84 | R23: Sim | S23: 0
A24: SANOFI | B24: SAN FP Equity | C24: FR0000120578 | D24: Euro | E24: 4 | F24: 3.8 | G24: 3.5 | H24: 4.5 | I24: 16 | J24: 77 | K24: 82 | L24: =IFERROR(__xludf.DUMMYFUNCTION("IF($D24=""Euro"",'Data in Local Currency'!E26, IF($D24=""Dolar"",'Data in Local Currency'!E26*GOOGLEFINANCE(""Currency:USDEUR""), IF($D24=""Franco Suíço"",'Data in Local Currency'!E26*GOOGLEFINANCE(""Currency:CHFEUR""), IF($D24=""Libra Esterlina"", 'Data "&"in Local Currency'!E26*GOOGLEFINANCE(""Currency:GBPEUR""), IF($D24=""Iene"",'Data in Local Currency'!E26*GOOGLEFINANCE(""Currency:JPYEUR""), IF($D24=""HKD"",'Data in Local Currency'!E26*GOOGLEFINANCE(""Currency:HKDEUR""), IF($D24=""KRW"",'Data in Local Cu"&"rrency'!E26*GOOGLEFINANCE(""Currency:KRWEUR""),"""")))))))"),7.19) -> 7.19 | M24: ='Data in Local Currency'!F26 -> 2000 | N24: =IFERROR(__xludf.DUMMYFUNCTION("IF($D24=""Euro"",'Data in Local Currency'!G26, IF($D24=""Dolar"",'Data in Local Currency'!G26*GOOGLEFINANCE(""Currency:USDEUR""), IF($D24=""Franco Suíço"",'Data in Local Currency'!G26*GOOGLEFINANCE(""Currency:CHFEUR""), IF($D24=""Libra Esterlina"", 'Data "&"in Local Currency'!G26*GOOGLEFINANCE(""Currency:GBPEUR""), IF($D24=""Iene"",'Data in Local Currency'!G26*GOOGLEFINANCE(""Currency:JPYEUR""), IF($D24=""HKD"",'Data in Local Currency'!G26*GOOGLEFINANCE(""Currency:HKDEUR""), IF($D24=""KRW"",'Data in Local Cu"&"rrency'!G26*GOOGLEFINANCE(""Currency:KRWEUR""),"""")))))))"),86.61) -> 86.61 | O24: 94.04 | P24: 37.76 | Q24: 11.8 | R24: Sim | S24: 4
A25: KONINKLIJKE PHIL | B25: PHIA NA Equity | C25: NL0000009538 | D25: Euro | E25: 4.1 | F25: 4 | G25: 3.6 | H25: 4.1 | I25: 16 | J25: 77 | K25: 70 | L25: =IFERROR(__xludf.DUMMYFUNCTION("IF($D25=""Euro"",'Data in Local Currency'!E27, IF($D25=""Dolar"",'Data in Local Currency'!E27*GOOGLEFINANCE(""Currency:USDEUR""), IF($D25=""Franco Suíço"",'Data in Local Currency'!E27*GOOGLEFINANCE(""Currency:CHFEUR""), IF($D25=""Libra Esterlina"", 'Data "&"in Local Currency'!E27*GOOGLEFINANCE(""Currency:GBPEUR""), IF($D25=""Iene"",'Data in Local Currency'!E27*GOOGLEFINANCE(""Currency:JPYEUR""), IF($D25=""HKD"",'Data in Local Currency'!E27*GOOGLEFINANCE(""Currency:HKDEUR""), IF($D25=""KRW"",'Data in Local Cu"&"rrency'!E27*GOOGLEFINANCE(""Currency:KRWEUR""),"""")))))))"),1.88) -> 1.88 | M25: ='Data in Local Currency'!F27 -> 1995 | N25: =IFERROR(__xludf.DUMMYFUNCTION("IF($D25=""Euro"",'Data in Local Currency'!G27, IF($D25=""Dolar"",'Data in Local Currency'!G27*GOOGLEFINANCE(""Currency:USDEUR""), IF($D25=""Franco Suíço"",'Data in Local Currency'!G27*GOOGLEFINANCE(""Currency:CHFEUR""), IF($D25=""Libra Esterlina"", 'Data "&"in Local Currency'!G27*GOOGLEFINANCE(""Currency:GBPEUR""), IF($D25=""Iene"",'Data in Local Currency'!G27*GOOGLEFINANCE(""Currency:JPYEUR""), IF($D25=""HKD"",'Data in Local Currency'!G27*GOOGLEFINANCE(""Currency:HKDEUR""), IF($D25=""KRW"",'Data in Local Cu"&"rrency'!G27*GOOGLEFINANCE(""Currency:KRWEUR""),"""")))))))"),31.19) -> 31.19 | O25: 28.28 | P25: 17.16 | Q25: 1.85 | R25: Sim | S25: 6
A26: ABRDN PLC | B26: ABDN LN Equity | C26: GB00BF8Q6K64 | D26: Libra Esterlina | E26: 3.3 | F26: 3.1 | G26: 2.7 | L26: =IFERROR(__xludf.DUMMYFUNCTION("IF($D26=""Euro"",'Data in Local Currency'!E28, IF($D26=""Dolar"",'Data in Local Currency'!E28*GOOGLEFINANCE(""Currency:USDEUR""), IF($D26=""Franco Suíço"",'Data in Local Currency'!E28*GOOGLEFINANCE(""Currency:CHFEUR""), IF($D26=""Libra Esterlina"", 'Data "&"in Local Currency'!E28*GOOGLEFINANCE(""Currency:GBPEUR""), IF($D26=""Iene"",'Data in Local Currency'!E28*GOOGLEFINANCE(""Currency:JPYEUR""), IF($D26=""HKD"",'Data in Local Currency'!E28*GOOGLEFINANCE(""Currency:HKDEUR""), IF($D26=""KRW"",'Data in Local Cu"&"rrency'!E28*GOOGLEFINANCE(""Currency:KRWEUR""),"""")))))))"),441.71072254848) -> 441.71072 | M26: ='Data in Local Currency'!F28 -> 2006 | N26: =IFERROR(__xludf.DUMMYFUNCTION("IF($D26=""Euro"",'Data in Local Currency'!G28, IF($D26=""Dolar"",'Data in Local Currency'!G28*GOOGLEFINANCE(""Currency:USDEUR""), IF($D26=""Franco Suíço"",'Data in Local Currency'!G28*GOOGLEFINANCE(""Currency:CHFEUR""), IF($D26=""Libra Esterlina"", 'Data "&"in Local Currency'!G28*GOOGLEFINANCE(""Currency:GBPEUR""), IF($D26=""Iene"",'Data in Local Currency'!G28*GOOGLEFINANCE(""Currency:JPYEUR""), IF($D26=""HKD"",'Data in Local Currency'!G28*GOOGLEFINANCE(""Currency:HKDEUR""), IF($D26=""KRW"",'Data in Local Cu"&"rrency'!G28*GOOGLEFINANCE(""Currency:KRWEUR""),"""")))))))"),500.06280596876996) -> 500.06281 | O26: 244.36 | P26: 2.15 | R26: Não
A27: ROCHE HLDGGENUS | B27: ROG SW Equity | C27: CH0012032048 | D27: Franco Suíço | E27: 4.3 | F27: 4.2 | G27: 3.7 | H27: 4.5 | I27: 52 | J27: 82 | K27: 73 | L27: =IFERROR(__xludf.DUMMYFUNCTION("IF($D27=""Euro"",'Data in Local Currency'!E29, IF($D27=""Dolar"",'Data in Local Currency'!E29*GOOGLEFINANCE(""Currency:USDEUR""), IF($D27=""Franco Suíço"",'Data in Local Currency'!E29*GOOGLEFINANCE(""Currency:CHFEUR""), IF($D27=""Libra Esterlina"", 'Data "&"in Local Currency'!E29*GOOGLEFINANCE(""Currency:GBPEUR""), IF($D27=""Iene"",'Data in Local Currency'!E29*GOOGLEFINANCE(""Currency:JPYEUR""), IF($D27=""HKD"",'Data in Local Currency'!E29*GOOGLEFINANCE(""Currency:HKDEUR""), IF($D27=""KRW"",'Data in Local Cu"&"rrency'!E29*GOOGLEFINANCE(""Currency:KRWEUR""),"""")))))))"),76.16234342399999) -> 76.162343 | M27: ='Data in Local Currency'!F29 -> 1995 | N27: =IFERROR(__xludf.DUMMYFUNCTION("IF($D27=""Euro"",'Data in Local Currency'!G29, IF($D27=""Dolar"",'Data in Local Currency'!G29*GOOGLEFINANCE(""Currency:USDEUR""), IF($D27=""Franco Suíço"",'Data in Local Currency'!G29*GOOGLEFINANCE(""Currency:CHFEUR""), IF($D27=""Libra Esterlina"", 'Data "&"in Local Currency'!G29*GOOGLEFINANCE(""Currency:GBPEUR""), IF($D27=""Iene"",'Data in Local Currency'!G29*GOOGLEFINANCE(""Currency:JPYEUR""), IF($D27=""HKD"",'Data in Local Currency'!G29*GOOGLEFINANCE(""Currency:HKDEUR""), IF($D27=""KRW"",'Data in Local Cu"&"rrency'!G29*GOOGLEFINANCE(""Currency:KRWEUR""),"""")))))))"),256.27013952) -> 256.27014 | O27: 355.21 | P27: 61.14 | Q27: 21.16 | R27: Sim | S27: 0
A28: ACERINOX | B28: ACX SM Equity | C28: ES0132105018 | D28: Euro | E28: 3.3 | F28: 2.6 | G28: 3 | L28: =IFERROR(__xludf.DUMMYFUNCTION("IF($D28=""Euro"",'Data in Local Currency'!E30, IF($D28=""Dolar"",'Data in Local Currency'!E30*GOOGLEFINANCE(""Currency:USDEUR""), IF($D28=""Franco Suíço"",'Data in Local Currency'!E30*GOOGLEFINANCE(""Currency:CHFEUR""), IF($D28=""Libra Esterlina"", 'Data "&"in Local Currency'!E30*GOOGLEFINANCE(""Currency:GBPEUR""), IF($D28=""Iene"",'Data in Local Currency'!E30*GOOGLEFINANCE(""Currency:JPYEUR""), IF($D28=""HKD"",'Data in Local Currency'!E30*GOOGLEFINANCE(""Currency:HKDEUR""), IF($D28=""KRW"",'Data in Local Cu"&"rrency'!E30*GOOGLEFINANCE(""Currency:KRWEUR""),"""")))))))"),9.35) -> 9.35 | M28: ='Data in Local Currency'!F30 -> 2000 | N28: =IFERROR(__xludf.DUMMYFUNCTION("IF($D28=""Euro"",'Data in Local Currency'!G30, IF($D28=""Dolar"",'Data in Local Currency'!G30*GOOGLEFINANCE(""Currency:USDEUR""), IF($D28=""Franco Suíço"",'Data in Local Currency'!G30*GOOGLEFINANCE(""Currency:CHFEUR""), IF($D28=""Libra Esterlina"", 'Data "&"in Local Currency'!G30*GOOGLEFINANCE(""Currency:GBPEUR""), IF($D28=""Iene"",'Data in Local Currency'!G30*GOOGLEFINANCE(""Currency:JPYEUR""), IF($D28=""HKD"",'Data in Local Currency'!G30*GOOGLEFINANCE(""Currency:HKDEUR""), IF($D28=""KRW"",'Data in Local Cu"&"rrency'!G30*GOOGLEFINANCE(""Currency:KRWEUR""),"""")))))))"),12.82) -> 12.82 | O28: 10.72 | P28: 6.71 | Q28: 0.99 | R28: Sim | S28: 0
A29: VOPAK | B29: VPK NA Equity | C29: NL0009432491 | D29: Euro | E29: 3.9 | F29: 3.5 | G29: 3.2 | L29: =IFERROR(__xludf.DUMMYFUNCTION("IF($D29=""Euro"",'Data in Local Currency'!E31, IF($D29=""Dolar"",'Data in Local Currency'!E31*GOOGLEFINANCE(""Currency:USDEUR""), IF($D29=""Franco Suíço"",'Data in Local Currency'!E31*GOOGLEFINANCE(""Currency:CHFEUR""), IF($D29=""Libra Esterlina"", 'Data "&"in Local Currency'!E31*GOOGLEFINANCE(""Currency:GBPEUR""), IF($D29=""Iene"",'Data in Local Currency'!E31*GOOGLEFINANCE(""Currency:JPYEUR""), IF($D29=""HKD"",'Data in Local Currency'!E31*GOOGLEFINANCE(""Currency:HKDEUR""), IF($D29=""KRW"",'Data in Local Cu"&"rrency'!E31*GOOGLEFINANCE(""Currency:KRWEUR""),"""")))))))"),11.8) -> 11.8 | M29: ='Data in Local Currency'!F31 -> 2000 | N29: =IFERROR(__xludf.DUMMYFUNCTION("IF($D29=""Euro"",'Data in Local Currency'!G31, IF($D29=""Dolar"",'Data in Local Currency'!G31*GOOGLEFINANCE(""Currency:USDEUR""), IF($D29=""Franco Suíço"",'Data in Local Currency'!G31*GOOGLEFINANCE(""Currency:CHFEUR""), IF($D29=""Libra Esterlina"", 'Data "&"in Local Currency'!G31*GOOGLEFINANCE(""Currency:GBPEUR""), IF($D29=""Iene"",'Data in Local Currency'!G31*GOOGLEFINANCE(""Currency:JPYEUR""), IF($D29=""HKD"",'Data in Local Currency'!G31*GOOGLEFINANCE(""Currency:HKDEUR""), IF($D29=""KRW"",'Data in Local Cu"&"rrency'!G31*GOOGLEFINANCE(""Currency:KRWEUR""),"""")))))))"),41.42) -> 41.42 | O29: 28.05 | P29: 1.23 | Q29: 0.67 | R29: Não
A30: CBRE GROUP INCA | B30: CBRE US Equity | C30: US12504L1098 | D30: Dolar | E30: 4 | F30: 3.9 | G30: 3.6 | H30: 3.8 | I30: 22 | J30: 80 | K30: 71 | L30: =IFERROR(__xludf.DUMMYFUNCTION("IF($D30=""Euro"",'Data in Local Currency'!E32, IF($D30=""Dolar"",'Data in Local Currency'!E32*GOOGLEFINANCE(""Currency:USDEUR""), IF($D30=""Franco Suíço"",'Data in Local Currency'!E32*GOOGLEFINANCE(""Currency:CHFEUR""), IF($D30=""Libra Esterlina"", 'Data "&"in Local Currency'!E32*GOOGLEFINANCE(""Currency:GBPEUR""), IF($D30=""Iene"",'Data in Local Currency'!E32*GOOGLEFINANCE(""Currency:JPYEUR""), IF($D30=""HKD"",'Data in Local Currency'!E32*GOOGLEFINANCE(""Currency:HKDEUR""), IF($D30=""KRW"",'Data in Local Cu"&"rrency'!E32*GOOGLEFINANCE(""Currency:KRWEUR""),"""")))))))"),5.803938) -> 5.803938 | M30: ='Data in Local Currency'!F32 -> 2004 | N30: =IFERROR(__xludf.DUMMYFUNCTION("IF($D30=""Euro"",'Data in Local Currency'!G32, IF($D30=""Dolar"",'Data in Local Currency'!G32*GOOGLEFINANCE(""Currency:USDEUR""), IF($D30=""Franco Suíço"",'Data in Local Currency'!G32*GOOGLEFINANCE(""Currency:CHFEUR""), IF($D30=""Libra Esterlina"", 'Data "&"in Local Currency'!G32*GOOGLEFINANCE(""Currency:GBPEUR""), IF($D30=""Iene"",'Data in Local Currency'!G32*GOOGLEFINANCE(""Currency:JPYEUR""), IF($D30=""HKD"",'Data in Local Currency'!G32*GOOGLEFINANCE(""Currency:HKDEUR""), IF($D30=""KRW"",'Data in Local Cu"&"rrency'!G32*GOOGLEFINANCE(""Currency:KRWEUR""),"""")))))))"),32.938038) -> 32.938038 | O30: 81.43 | P30: 25.27 | R30: Sim | S30: 2
A31: MEDTRONIC PLC | B31: MDT US Equity | C31: IE00BTN1Y115 | D31: Dolar | E31: 4.1 | F31: 4 | G31: 3.6 | H31: 4.4 | I31: 29 | J31: 82 | K31: 70 | L31: =IFERROR(__xludf.DUMMYFUNCTION("IF($D31=""Euro"",'Data in Local Currency'!E33, IF($D31=""Dolar"",'Data in Local Currency'!E33*GOOGLEFINANCE(""Currency:USDEUR""), IF($D31=""Franco Suíço"",'Data in Local Currency'!E33*GOOGLEFINANCE(""Currency:CHFEUR""), IF($D31=""Libra Esterlina"", 'Data "&"in Local Currency'!E33*GOOGLEFINANCE(""Currency:GBPEUR""), IF($D31=""Iene"",'Data in Local Currency'!E33*GOOGLEFINANCE(""Currency:JPYEUR""), IF($D31=""HKD"",'Data in Local Currency'!E33*GOOGLEFINANCE(""Currency:HKDEUR""), IF($D31=""KRW"",'Data in Local Cu"&"rrency'!E33*GOOGLEFINANCE(""Currency:KRWEUR""),"""")))))))"),0.43230599999999997) -> 0.432306 | M31: ='Data in Local Currency'!F33 -> 1984 | N31: =IFERROR(__xludf.DUMMYFUNCTION("IF($D31=""Euro"",'Data in Local Currency'!G33, IF($D31=""Dolar"",'Data in Local Currency'!G33*GOOGLEFINANCE(""Currency:USDEUR""), IF($D31=""Franco Suíço"",'Data in Local Currency'!G33*GOOGLEFINANCE(""Currency:CHFEUR""), IF($D31=""Libra Esterlina"", 'Data "&"in Local Currency'!G33*GOOGLEFINANCE(""Currency:GBPEUR""), IF($D31=""Iene"",'Data in Local Currency'!G33*GOOGLEFINANCE(""Currency:JPYEUR""), IF($D31=""HKD"",'Data in Local Currency'!G33*GOOGLEFINANCE(""Currency:HKDEUR""), IF($D31=""KRW"",'Data in Local Cu"&"rrency'!G33*GOOGLEFINANCE(""Currency:KRWEUR""),"""")))))))"),76.426182) -> 76.426182 | O31: 98.3 | P31: 27.43 | Q31: 7.5 | R31: Não
A32: ANHEUSERBUSCH I | B32: ABI BB Equity | C32: BE0974293251 | D32: Euro | E32: 3.8 | F32: 3.8 | G32: 3.4 | H32: 3.3 | I32: 34 | J32: 60 | K32: 67 | L32: =IFERROR(__xludf.DUMMYFUNCTION("IF($D32=""Euro"",'Data in Local Currency'!E34, IF($D32=""Dolar"",'Data in Local Currency'!E34*GOOGLEFINANCE(""Currency:USDEUR""), IF($D32=""Franco Suíço"",'Data in Local Currency'!E34*GOOGLEFINANCE(""Currency:CHFEUR""), IF($D32=""Libra Esterlina"", 'Data "&"in Local Currency'!E34*GOOGLEFINANCE(""Currency:GBPEUR""), IF($D32=""Iene"",'Data in Local Currency'!E34*GOOGLEFINANCE(""Currency:JPYEUR""), IF($D32=""HKD"",'Data in Local Currency'!E34*GOOGLEFINANCE(""Currency:HKDEUR""), IF($D32=""KRW"",'Data in Local Cu"&"rrency'!E34*GOOGLEFINANCE(""Currency:KRWEUR""),"""")))))))"),23.21) -> 23.21 | M32: ='Data in Local Currency'!F34 -> 2000 | N32: =IFERROR(__xludf.DUMMYFUNCTION("IF($D32=""Euro"",'Data in Local Currency'!G34, IF($D32=""Dolar"",'Data in Local Currency'!G34*GOOGLEFINANCE(""Currency:USDEUR""), IF($D32=""Franco Suíço"",'Data in Local Currency'!G34*GOOGLEFINANCE(""Currency:CHFEUR""), IF($D32=""Libra Esterlina"", 'Data "&"in Local Currency'!G34*GOOGLEFINANCE(""Currency:GBPEUR""), IF($D32=""Iene"",'Data in Local Currency'!G34*GOOGLEFINANCE(""Currency:JPYEUR""), IF($D32=""HKD"",'Data in Local Currency'!G34*GOOGLEFINANCE(""Currency:HKDEUR""), IF($D32=""KRW"",'Data in Local Cu"&"rrency'!G34*GOOGLEFINANCE(""Currency:KRWEUR""),"""")))))))"),103.4) -> 103.4 | O32: 54.44 | P32: 49.46 | Q32: 17.49 | R32: Não
A33: FANUC CORP | B33: 6954 JP Equity | C33: JP3802400006 | D33: Iene | E33: 3.8 | F33: 3.4 | G33: 3.4 | L33: =IFERROR(__xludf.DUMMYFUNCTION("IF($D33=""Euro"",'Data in Local Currency'!E35, IF($D33=""Dolar"",'Data in Local Currency'!E35*GOOGLEFINANCE(""Currency:USDEUR""), IF($D33=""Franco Suíço"",'Data in Local Currency'!E35*GOOGLEFINANCE(""Currency:CHFEUR""), IF($D33=""Libra Esterlina"", 'Data "&"in Local Currency'!E35*GOOGLEFINANCE(""Currency:GBPEUR""), IF($D33=""Iene"",'Data in Local Currency'!E35*GOOGLEFINANCE(""Currency:JPYEUR""), IF($D33=""HKD"",'Data in Local Currency'!E35*GOOGLEFINANCE(""Currency:HKDEUR""), IF($D33=""KRW"",'Data in Local Cu"&"rrency'!E35*GOOGLEFINANCE(""Currency:KRWEUR""),"""")))))))"),79.3906188) -> 79.390619 | M33: ='Data in Local Currency'!F35 -> 2000 | N33: =IFERROR(__xludf.DUMMYFUNCTION("IF($D33=""Euro"",'Data in Local Currency'!G35, IF($D33=""Dolar"",'Data in Local Currency'!G35*GOOGLEFINANCE(""Currency:USDEUR""), IF($D33=""Franco Suíço"",'Data in Local Currency'!G35*GOOGLEFINANCE(""Currency:CHFEUR""), IF($D33=""Libra Esterlina"", 'Data "&"in Local Currency'!G35*GOOGLEFINANCE(""Currency:GBPEUR""), IF($D33=""Iene"",'Data in Local Currency'!G35*GOOGLEFINANCE(""Currency:JPYEUR""), IF($D33=""HKD"",'Data in Local Currency'!G35*GOOGLEFINANCE(""Currency:HKDEUR""), IF($D33=""KRW"",'Data in Local Cu"&"rrency'!G35*GOOGLEFINANCE(""Currency:KRWEUR""),"""")))))))"),168.09294102) -> 168.09294 | O33: 156.6 | P33: 4.06 | Q33: 1.16 | R33: Não
A34: EURONAV NV | B34: EURN BB Equity | C34: BE0003816338 | D34: Euro | E34: 4.4 | F34: 4.1 | G34: 3.9 | L34: =IFERROR(__xludf.DUMMYFUNCTION("IF($D34=""Euro"",'Data in Local Currency'!E36, IF($D34=""Dolar"",'Data in Local Currency'!E36*GOOGLEFINANCE(""Currency:USDEUR""), IF($D34=""Franco Suíço"",'Data in Local Currency'!E36*GOOGLEFINANCE(""Currency:CHFEUR""), IF($D34=""Libra Esterlina"", 'Data "&"in Local Currency'!E36*GOOGLEFINANCE(""Currency:GBPEUR""), IF($D34=""Iene"",'Data in Local Currency'!E36*GOOGLEFINANCE(""Currency:JPYEUR""), IF($D34=""HKD"",'Data in Local Currency'!E36*GOOGLEFINANCE(""Currency:HKDEUR""), IF($D34=""KRW"",'Data in Local Cu"&"rrency'!E36*GOOGLEFINANCE(""Currency:KRWEUR""),"""")))))))"),19.1) -> 19.1 | M34: ='Data in Local Currency'!F36 -> 2004 | N34: =IFERROR(__xludf.DUMMYFUNCTION("IF($D34=""Euro"",'Data in Local Currency'!G36, IF($D34=""Dolar"",'Data in Local Currency'!G36*GOOGLEFINANCE(""Currency:USDEUR""), IF($D34=""Franco Suíço"",'Data in Local Currency'!G36*GOOGLEFINANCE(""Currency:CHFEUR""), IF($D34=""Libra Esterlina"", 'Data "&"in Local Currency'!G36*GOOGLEFINANCE(""Currency:GBPEUR""), IF($D34=""Iene"",'Data in Local Currency'!G36*GOOGLEFINANCE(""Currency:JPYEUR""), IF($D34=""HKD"",'Data in Local Currency'!G36*GOOGLEFINANCE(""Currency:HKDEUR""), IF($D34=""KRW"",'Data in Local Cu"&"rrency'!G36*GOOGLEFINANCE(""Currency:KRWEUR""),"""")))))))"),7.28) -> 7.28 | O34: 9.9 | P34: 0.38 | Q34: 0.04 | R34: Não
A35: ORANGE | B35: ORA FP Equity | C35: FR0000133308 | D35: Euro | E35: 4.1 | F35: 4 | G35: 3.7 | H35: 4.5 | I35: 6 | J35: 81 | K35: 72 | L35: =IFERROR(__xludf.DUMMYFUNCTION("IF($D35=""Euro"",'Data in Local Currency'!E37, IF($D35=""Dolar"",'Data in Local Currency'!E37*GOOGLEFINANCE(""Currency:USDEUR""), IF($D35=""Franco Suíço"",'Data in Local Currency'!E37*GOOGLEFINANCE(""Currency:CHFEUR""), IF($D35=""Libra Esterlina"", 'Data "&"in Local Currency'!E37*GOOGLEFINANCE(""Currency:GBPEUR""), IF($D35=""Iene"",'Data in Local Currency'!E37*GOOGLEFINANCE(""Currency:JPYEUR""), IF($D35=""HKD"",'Data in Local Currency'!E37*GOOGLEFINANCE(""Currency:HKDEUR""), IF($D35=""KRW"",'Data in Local Cu"&"rrency'!E37*GOOGLEFINANCE(""Currency:KRWEUR""),"""")))))))"),167.5) -> 167.5 | M35: ='Data in Local Currency'!F37 -> 2000 | N35: =IFERROR(__xludf.DUMMYFUNCTION("IF($D35=""Euro"",'Data in Local Currency'!G37, IF($D35=""Dolar"",'Data in Local Currency'!G37*GOOGLEFINANCE(""Currency:USDEUR""), IF($D35=""Franco Suíço"",'Data in Local Currency'!G37*GOOGLEFINANCE(""Currency:CHFEUR""), IF($D35=""Libra Esterlina"", 'Data "&"in Local Currency'!G37*GOOGLEFINANCE(""Currency:GBPEUR""), IF($D35=""Iene"",'Data in Local Currency'!G37*GOOGLEFINANCE(""Currency:JPYEUR""), IF($D35=""HKD"",'Data in Local Currency'!G37*GOOGLEFINANCE(""Currency:HKDEUR""), IF($D35=""KRW"",'Data in Local Cu"&"rrency'!G37*GOOGLEFINANCE(""Currency:KRWEUR""),"""")))))))"),14.2) -> 14.2 | O35: 10.69 | P35: 42.52 | Q35: 12.31 | R35: Sim | S35: 6
A36: LAM RESEARCH | B36: LRCX US Equity | C36: US5128071082 | D36: Dolar | E36: 4.2 | F36: 4.2 | G36: 3.8 | H36: 4.2 | I36: 18 | J36: 80 | K36: 65 | L36: =IFERROR(__xludf.DUMMYFUNCTION("IF($D36=""Euro"",'Data in Local Currency'!E38, IF($D36=""Dolar"",'Data in Local Currency'!E38*GOOGLEFINANCE(""Currency:USDEUR""), IF($D36=""Franco Suíço"",'Data in Local Currency'!E38*GOOGLEFINANCE(""Currency:CHFEUR""), IF($D36=""Libra Esterlina"", 'Data "&"in Local Currency'!E38*GOOGLEFINANCE(""Currency:GBPEUR""), IF($D36=""Iene"",'Data in Local Currency'!E38*GOOGLEFINANCE(""Currency:JPYEUR""), IF($D36=""HKD"",'Data in Local Currency'!E38*GOOGLEFINANCE(""Currency:HKDEUR""), IF($D36=""KRW"",'Data in Local Cu"&"rrency'!E38*GOOGLEFINANCE(""Currency:KRWEUR""),"""")))))))"),2.143134) -> 2.143134 | M36: ='Data in Local Currency'!F38 -> 1984 | N36: =IFERROR(__xludf.DUMMYFUNCTION("IF($D36=""Euro"",'Data in Local Currency'!G38, IF($D36=""Dolar"",'Data in Local Currency'!G38*GOOGLEFINANCE(""Currency:USDEUR""), IF($D36=""Franco Suíço"",'Data in Local Currency'!G38*GOOGLEFINANCE(""Currency:CHFEUR""), IF($D36=""Libra Esterlina"", 'Data "&"in Local Currency'!G38*GOOGLEFINANCE(""Currency:GBPEUR""), IF($D36=""Iene"",'Data in Local Currency'!G38*GOOGLEFINANCE(""Currency:JPYEUR""), IF($D36=""HKD"",'Data in Local Currency'!G38*GOOGLEFINANCE(""Currency:HKDEUR""), IF($D36=""KRW"",'Data in Local Cu"&"rrency'!G38*GOOGLEFINANCE(""Currency:KRWEUR""),"""")))))))"),133.23302999999999) -> 133.23303 | O36: 493.22 | P36: 13.32 | Q36: 4.35 | R36: Não
A37: GENERALI ASSIC | B37: G IM Equity | C37: IT0000062072 | D37: Euro | E37: 3.8 | F37: 3.7 | G37: 3.5 | L37: =IFERROR(__xludf.DUMMYFUNCTION("IF($D37=""Euro"",'Data in Local Currency'!E39, IF($D37=""Dolar"",'Data in Local Currency'!E39*GOOGLEFINANCE(""Currency:USDEUR""), IF($D37=""Franco Suíço"",'Data in Local Currency'!E39*GOOGLEFINANCE(""Currency:CHFEUR""), IF($D37=""Libra Esterlina"", 'Data "&"in Local Currency'!E39*GOOGLEFINANCE(""Currency:GBPEUR""), IF($D37=""Iene"",'Data in Local Currency'!E39*GOOGLEFINANCE(""Currency:JPYEUR""), IF($D37=""HKD"",'Data in Local Currency'!E39*GOOGLEFINANCE(""Currency:HKDEUR""), IF($D37=""KRW"",'Data in Local Cu"&"rrency'!E39*GOOGLEFINANCE(""Currency:KRWEUR""),"""")))))))"),13.56) -> 13.56 | M37: ='Data in Local Currency'!F39 -> 1987 | N37: =IFERROR(__xludf.DUMMYFUNCTION("IF($D37=""Euro"",'Data in Local Currency'!G39, IF($D37=""Dolar"",'Data in Local Currency'!G39*GOOGLEFINANCE(""Currency:USDEUR""), IF($D37=""Franco Suíço"",'Data in Local Currency'!G39*GOOGLEFINANCE(""Currency:CHFEUR""), IF($D37=""Libra Esterlina"", 'Data "&"in Local Currency'!G39*GOOGLEFINANCE(""Currency:GBPEUR""), IF($D37=""Iene"",'Data in Local Currency'!G39*GOOGLEFINANCE(""Currency:JPYEUR""), IF($D37=""HKD"",'Data in Local Currency'!G39*GOOGLEFINANCE(""Currency:HKDEUR""), IF($D37=""KRW"",'Data in Local Cu"&"rrency'!G39*GOOGLEFINANCE(""Currency:KRWEUR""),"""")))))))"),14.53) -> 14.53 | O37: 18.82 | P37: 97.2 | R37: Sim | S37: 0
A38: DEUTSCHE BOERSE | B38: DB1 GY Equity | C38: DE0005810055 | D38: Euro | E38: 4.3 | F38: 4.3 | G38: 4 | L38: =IFERROR(__xludf.DUMMYFUNCTION("IF($D38=""Euro"",'Data in Local Currency'!E40, IF($D38=""Dolar"",'Data in Local Currency'!E40*GOOGLEFINANCE(""Currency:USDEUR""), IF($D38=""Franco Suíço"",'Data in Local Currency'!E40*GOOGLEFINANCE(""Currency:CHFEUR""), IF($D38=""Libra Esterlina"", 'Data "&"in Local Currency'!E40*GOOGLEFINANCE(""Currency:GBPEUR""), IF($D38=""Iene"",'Data in Local Currency'!E40*GOOGLEFINANCE(""Currency:JPYEUR""), IF($D38=""HKD"",'Data in Local Currency'!E40*GOOGLEFINANCE(""Currency:HKDEUR""), IF($D38=""KRW"",'Data in Local Cu"&"rrency'!E40*GOOGLEFINANCE(""Currency:KRWEUR""),"""")))))))"),31.8) -> 31.8 | M38: ='Data in Local Currency'!F40 -> 2001 | N38: =IFERROR(__xludf.DUMMYFUNCTION("IF($D38=""Euro"",'Data in Local Currency'!G40, IF($D38=""Dolar"",'Data in Local Currency'!G40*GOOGLEFINANCE(""Currency:USDEUR""), IF($D38=""Franco Suíço"",'Data in Local Currency'!G40*GOOGLEFINANCE(""Currency:CHFEUR""), IF($D38=""Libra Esterlina"", 'Data "&"in Local Currency'!G40*GOOGLEFINANCE(""Currency:GBPEUR""), IF($D38=""Iene"",'Data in Local Currency'!G40*GOOGLEFINANCE(""Currency:JPYEUR""), IF($D38=""HKD"",'Data in Local Currency'!G40*GOOGLEFINANCE(""Currency:HKDEUR""), IF($D38=""KRW"",'Data in Local Cu"&"rrency'!G40*GOOGLEFINANCE(""Currency:KRWEUR""),"""")))))))"),89.85) -> 89.85 | O38: 163.65 | P38: 4.63 | Q38: 2.04 | R38: Sim | S38: 1
A39: WABTEC CORP | B39: WAB US Equity | C39: US9297401088 | D39: Dolar | E39: 3.7 | F39: 3.5 | G39: 3.4 | H39: 2.6 | I39: 14 | J39: 61 | K39: 60 | L39: =IFERROR(__xludf.DUMMYFUNCTION("IF($D39=""Euro"",'Data in Local Currency'!E41, IF($D39=""Dolar"",'Data in Local Currency'!E41*GOOGLEFINANCE(""Currency:USDEUR""), IF($D39=""Franco Suíço"",'Data in Local Currency'!E41*GOOGLEFINANCE(""Currency:CHFEUR""), IF($D39=""Libra Esterlina"", 'Data "&"in Local Currency'!E41*GOOGLEFINANCE(""Currency:GBPEUR""), IF($D39=""Iene"",'Data in Local Currency'!E41*GOOGLEFINANCE(""Currency:JPYEUR""), IF($D39=""HKD"",'Data in Local Currency'!E41*GOOGLEFINANCE(""Currency:HKDEUR""), IF($D39=""KRW"",'Data in Local Cu"&"rrency'!E41*GOOGLEFINANCE(""Currency:KRWEUR""),"""")))))))"),8.508149999999999) -> 8.50815 | M39: ='Data in Local Currency'!F41 -> 1995 | N39: =IFERROR(__xludf.DUMMYFUNCTION("IF($D39=""Euro"",'Data in Local Currency'!G41, IF($D39=""Dolar"",'Data in Local Currency'!G41*GOOGLEFINANCE(""Currency:USDEUR""), IF($D39=""Franco Suíço"",'Data in Local Currency'!G41*GOOGLEFINANCE(""Currency:CHFEUR""), IF($D39=""Libra Esterlina"", 'Data "&"in Local Currency'!G41*GOOGLEFINANCE(""Currency:GBPEUR""), IF($D39=""Iene"",'Data in Local Currency'!G41*GOOGLEFINANCE(""Currency:JPYEUR""), IF($D39=""HKD"",'Data in Local Currency'!G41*GOOGLEFINANCE(""Currency:HKDEUR""), IF($D39=""KRW"",'Data in Local Cu"&"rrency'!G41*GOOGLEFINANCE(""Currency:KRWEUR""),"""")))))))"),77.162022) -> 77.162022 | O39: 86.32 | P39: 7.12 | Q39: 1.32 | R39: Não
A40: KOMATSU LTD | B40: 6301 JP Equity | C40: JP3304200003 | D40: Iene | E40: 4.1 | F40: 3.8 | G40: 3.4 | H40: 4.6 | I40: 40 | J40: 85 | K40: 77 | L40: =IFERROR(__xludf.DUMMYFUNCTION("IF($D40=""Euro"",'Data in Local Currency'!E42, IF($D40=""Dolar"",'Data in Local Currency'!E42*GOOGLEFINANCE(""Currency:USDEUR""), IF($D40=""Franco Suíço"",'Data in Local Currency'!E42*GOOGLEFINANCE(""Currency:CHFEUR""), IF($D40=""Libra Esterlina"", 'Data "&"in Local Currency'!E42*GOOGLEFINANCE(""Currency:GBPEUR""), IF($D40=""Iene"",'Data in Local Currency'!E42*GOOGLEFINANCE(""Currency:JPYEUR""), IF($D40=""HKD"",'Data in Local Currency'!E42*GOOGLEFINANCE(""Currency:HKDEUR""), IF($D40=""KRW"",'Data in Local Cu"&"rrency'!E42*GOOGLEFINANCE(""Currency:KRWEUR""),"""")))))))"),3.605966424) -> 3.6059664 | M40: ='Data in Local Currency'!F42 -> 2000 | N40: =IFERROR(__xludf.DUMMYFUNCTION("IF($D40=""Euro"",'Data in Local Currency'!G42, IF($D40=""Dolar"",'Data in Local Currency'!G42*GOOGLEFINANCE(""Currency:USDEUR""), IF($D40=""Franco Suíço"",'Data in Local Currency'!G42*GOOGLEFINANCE(""Currency:CHFEUR""), IF($D40=""Libra Esterlina"", 'Data "&"in Local Currency'!G42*GOOGLEFINANCE(""Currency:GBPEUR""), IF($D40=""Iene"",'Data in Local Currency'!G42*GOOGLEFINANCE(""Currency:JPYEUR""), IF($D40=""HKD"",'Data in Local Currency'!G42*GOOGLEFINANCE(""Currency:HKDEUR""), IF($D40=""KRW"",'Data in Local Cu"&"rrency'!G42*GOOGLEFINANCE(""Currency:KRWEUR""),"""")))))))"),22.051300848) -> 22.051301 | O40: 21.47 | P40: 16.14 | Q40: 2.24 | R40: Sim | S40: 1
A41: SAFHOLLAND SE | B41: SFQ GY Equity | C41: DE000SAFH001 | D41: Euro | E41: 3.7 | F41: 3.5 | G41: 3.3 | L41: =IFERROR(__xludf.DUMMYFUNCTION("IF($D41=""Euro"",'Data in Local Currency'!E43, IF($D41=""Dolar"",'Data in Local Currency'!E43*GOOGLEFINANCE(""Currency:USDEUR""), IF($D41=""Franco Suíço"",'Data in Local Currency'!E43*GOOGLEFINANCE(""Currency:CHFEUR""), IF($D41=""Libra Esterlina"", 'Data "&"in Local Currency'!E43*GOOGLEFINANCE(""Currency:GBPEUR""), IF($D41=""Iene"",'Data in Local Currency'!E43*GOOGLEFINANCE(""Currency:JPYEUR""), IF($D41=""HKD"",'Data in Local Currency'!E43*GOOGLEFINANCE(""Currency:HKDEUR""), IF($D41=""KRW"",'Data in Local Cu"&"rrency'!E43*GOOGLEFINANCE(""Currency:KRWEUR""),"""")))))))"),15.42) -> 15.42 | M41: ='Data in Local Currency'!F43 -> 2007 | N41: =IFERROR(__xludf.DUMMYFUNCTION("IF($D41=""Euro"",'Data in Local Currency'!G43, IF($D41=""Dolar"",'Data in Local Currency'!G43*GOOGLEFINANCE(""Currency:USDEUR""), IF($D41=""Franco Suíço"",'Data in Local Currency'!G43*GOOGLEFINANCE(""Currency:CHFEUR""), IF($D41=""Libra Esterlina"", 'Data "&"in Local Currency'!G43*GOOGLEFINANCE(""Currency:GBPEUR""), IF($D41=""Iene"",'Data in Local Currency'!G43*GOOGLEFINANCE(""Currency:JPYEUR""), IF($D41=""HKD"",'Data in Local Currency'!G43*GOOGLEFINANCE(""Currency:HKDEUR""), IF($D41=""KRW"",'Data in Local Cu"&"rrency'!G43*GOOGLEFINANCE(""Currency:KRWEUR""),"""")))))))"),15.86) -> 15.86 | O41: 8.36 | P41: 1.25 | Q41: 0.12 | R41: Sim | S41: 0
A42: ASTRAZENECA PLC | B42: AZN LN Equity | C42: GB0009895292 | D42: Libra Esterlina | E42: 4.1 | F42: 4.1 | G42: 3.7 | H42: 4.3 | I42: 40 | J42: 76 | K42: 72 | L42: =IFERROR(__xludf.DUMMYFUNCTION("IF($D42=""Euro"",'Data in Local Currency'!E44, IF($D42=""Dolar"",'Data in Local Currency'!E44*GOOGLEFINANCE(""Currency:USDEUR""), IF($D42=""Franco Suíço"",'Data in Local Currency'!E44*GOOGLEFINANCE(""Currency:CHFEUR""), IF($D42=""Libra Esterlina"", 'Data "&"in Local Currency'!E44*GOOGLEFINANCE(""Currency:GBPEUR""), IF($D42=""Iene"",'Data in Local Currency'!E44*GOOGLEFINANCE(""Currency:JPYEUR""), IF($D42=""HKD"",'Data in Local Currency'!E44*GOOGLEFINANCE(""Currency:HKDEUR""), IF($D42=""KRW"",'Data in Local Cu"&"rrency'!E44*GOOGLEFINANCE(""Currency:KRWEUR""),"""")))))))"),733.27875693105) -> 733.27876 | M42: ='Data in Local Currency'!F44 -> 1993 | N42: =IFERROR(__xludf.DUMMYFUNCTION("IF($D42=""Euro"",'Data in Local Currency'!G44, IF($D42=""Dolar"",'Data in Local Currency'!G44*GOOGLEFINANCE(""Currency:USDEUR""), IF($D42=""Franco Suíço"",'Data in Local Currency'!G44*GOOGLEFINANCE(""Currency:CHFEUR""), IF($D42=""Libra Esterlina"", 'Data "&"in Local Currency'!G44*GOOGLEFINANCE(""Currency:GBPEUR""), IF($D42=""Iene"",'Data in Local Currency'!G44*GOOGLEFINANCE(""Currency:JPYEUR""), IF($D42=""HKD"",'Data in Local Currency'!G44*GOOGLEFINANCE(""Currency:HKDEUR""), IF($D42=""KRW"",'Data in Local Cu"&"rrency'!G44*GOOGLEFINANCE(""Currency:KRWEUR""),"""")))))))"),5576.0928675375) -> 5576.0929 | O42: 11302.13 | P42: 34.08 | Q42: 6.91 | R42: Sim | S42: 3
A43: ABBOTT LABS | B43: ABT US Equity | C43: US0028241000 | D43: Dolar | E43: 3.9 | F43: 3.8 | G43: 3.4 | H43: 4.1 | I43: 25 | J43: 79 | K43: 69 | L43: =IFERROR(__xludf.DUMMYFUNCTION("IF($D43=""Euro"",'Data in Local Currency'!E45, IF($D43=""Dolar"",'Data in Local Currency'!E45*GOOGLEFINANCE(""Currency:USDEUR""), IF($D43=""Franco Suíço"",'Data in Local Currency'!E45*GOOGLEFINANCE(""Currency:CHFEUR""), IF($D43=""Libra Esterlina"", 'Data "&"in Local Currency'!E45*GOOGLEFINANCE(""Currency:GBPEUR""), IF($D43=""Iene"",'Data in Local Currency'!E45*GOOGLEFINANCE(""Currency:JPYEUR""), IF($D43=""HKD"",'Data in Local Currency'!E45*GOOGLEFINANCE(""Currency:HKDEUR""), IF($D43=""KRW"",'Data in Local Cu"&"rrency'!E45*GOOGLEFINANCE(""Currency:KRWEUR""),"""")))))))"),1.232532) -> 1.232532 | M43: ='Data in Local Currency'!F45 -> 1984 | N43: =IFERROR(__xludf.DUMMYFUNCTION("IF($D43=""Euro"",'Data in Local Currency'!G45, IF($D43=""Dolar"",'Data in Local Currency'!G45*GOOGLEFINANCE(""Currency:USDEUR""), IF($D43=""Franco Suíço"",'Data in Local Currency'!G45*GOOGLEFINANCE(""Currency:CHFEUR""), IF($D43=""Libra Esterlina"", 'Data "&"in Local Currency'!G45*GOOGLEFINANCE(""Currency:GBPEUR""), IF($D43=""Iene"",'Data in Local Currency'!G45*GOOGLEFINANCE(""Currency:JPYEUR""), IF($D43=""HKD"",'Data in Local Currency'!G45*GOOGLEFINANCE(""Currency:HKDEUR""), IF($D43=""KRW"",'Data in Local Cu"&"rrency'!G45*GOOGLEFINANCE(""Currency:KRWEUR""),"""")))))))"),40.140071999999996) -> 40.140072 | O43: 109.95 | P43: 39.23 | Q43: 11.6 | R43: Não
A44: DEUTSCHE POSTRG | B44: DPW GY Equity | C44: DE0005552004 | D44: Euro | E44: 4 | F44: 4 | G44: 3.6 | H44: 3.7 | I44: 19 | J44: 80 | K44: 63 | L44: =IFERROR(__xludf.DUMMYFUNCTION("IF($D44=""Euro"",'Data in Local Currency'!E46, IF($D44=""Dolar"",'Data in Local Currency'!E46*GOOGLEFINANCE(""Currency:USDEUR""), IF($D44=""Franco Suíço"",'Data in Local Currency'!E46*GOOGLEFINANCE(""Currency:CHFEUR""), IF($D44=""Libra Esterlina"", 'Data "&"in Local Currency'!E46*GOOGLEFINANCE(""Currency:GBPEUR""), IF($D44=""Iene"",'Data in Local Currency'!E46*GOOGLEFINANCE(""Currency:JPYEUR""), IF($D44=""HKD"",'Data in Local Currency'!E46*GOOGLEFINANCE(""Currency:HKDEUR""), IF($D44=""KRW"",'Data in Local Cu"&"rrency'!E46*GOOGLEFINANCE(""Currency:KRWEUR""),"""")))))))"),23.05) -> 23.05 | M44: ='Data in Local Currency'!F46 -> 2000 | N44: =IFERROR(__xludf.DUMMYFUNCTION("IF($D44=""Euro"",'Data in Local Currency'!G46, IF($D44=""Dolar"",'Data in Local Currency'!G46*GOOGLEFINANCE(""Currency:USDEUR""), IF($D44=""Franco Suíço"",'Data in Local Currency'!G46*GOOGLEFINANCE(""Currency:CHFEUR""), IF($D44=""Libra Esterlina"", 'Data "&"in Local Currency'!G46*GOOGLEFINANCE(""Currency:GBPEUR""), IF($D44=""Iene"",'Data in Local Currency'!G46*GOOGLEFINANCE(""Currency:JPYEUR""), IF($D44=""HKD"",'Data in Local Currency'!G46*GOOGLEFINANCE(""Currency:HKDEUR""), IF($D44=""KRW"",'Data in Local Cu"&"rrency'!G46*GOOGLEFINANCE(""Currency:KRWEUR""),"""")))))))"),33.0) -> 33 | O44: 45.91 | P44: 81.75 | Q44: 10.29 | R44: Sim | S44: 3
A45: BOSKALIS WESTMIN | B45: BOKA NA Equity | C45: NL0000852580 | D45: Euro | E45: 4.1 | F45: 3.7 | G45: 3.6 | L45: =IFERROR(__xludf.DUMMYFUNCTION("IF($D45=""Euro"",'Data in Local Currency'!E47, IF($D45=""Dolar"",'Data in Local Currency'!E47*GOOGLEFINANCE(""Currency:USDEUR""), IF($D45=""Franco Suíço"",'Data in Local Currency'!E47*GOOGLEFINANCE(""Currency:CHFEUR""), IF($D45=""Libra Esterlina"", 'Data "&"in Local Currency'!E47*GOOGLEFINANCE(""Currency:GBPEUR""), IF($D45=""Iene"",'Data in Local Currency'!E47*GOOGLEFINANCE(""Currency:JPYEUR""), IF($D45=""HKD"",'Data in Local Currency'!E47*GOOGLEFINANCE(""Currency:HKDEUR""), IF($D45=""KRW"",'Data in Local Cu"&"rrency'!E47*GOOGLEFINANCE(""Currency:KRWEUR""),"""")))))))"),10.58) -> 10.58 | M45: ='Data in Local Currency'!F47 -> 2001 | N45: =IFERROR(__xludf.DUMMYFUNCTION("IF($D45=""Euro"",'Data in Local Currency'!G47, IF($D45=""Dolar"",'Data in Local Currency'!G47*GOOGLEFINANCE(""Currency:USDEUR""), IF($D45=""Franco Suíço"",'Data in Local Currency'!G47*GOOGLEFINANCE(""Currency:CHFEUR""), IF($D45=""Libra Esterlina"", 'Data "&"in Local Currency'!G47*GOOGLEFINANCE(""Currency:GBPEUR""), IF($D45=""Iene"",'Data in Local Currency'!G47*GOOGLEFINANCE(""Currency:JPYEUR""), IF($D45=""HKD"",'Data in Local Currency'!G47*GOOGLEFINANCE(""Currency:HKDEUR""), IF($D45=""KRW"",'Data in Local Cu"&"rrency'!G47*GOOGLEFINANCE(""Currency:KRWEUR""),"""")))))))"),33.76) -> 33.76 | O45: 32.56 | P45: 2.96 | Q45: 0.43 | R45: Não
A46: AXA | B46: CS FP Equity | C46: FR0000120628 | D46: Euro | E46: 4 | F46: 3.9 | G46: 3.6 | H46: 3.5 | I46: 34 | J46: 77 | K46: 83 | L46: =IFERROR(__xludf.DUMMYFUNCTION("IF($D46=""Euro"",'Data in Local Currency'!E48, IF($D46=""Dolar"",'Data in Local Currency'!E48*GOOGLEFINANCE(""Currency:USDEUR""), IF($D46=""Franco Suíço"",'Data in Local Currency'!E48*GOOGLEFINANCE(""Currency:CHFEUR""), IF($D46=""Libra Esterlina"", 'Data "&"in Local Currency'!E48*GOOGLEFINANCE(""Currency:GBPEUR""), IF($D46=""Iene"",'Data in Local Currency'!E48*GOOGLEFINANCE(""Currency:JPYEUR""), IF($D46=""HKD"",'Data in Local Currency'!E48*GOOGLEFINANCE(""Currency:HKDEUR""), IF($D46=""KRW"",'Data in Local Cu"&"rrency'!E48*GOOGLEFINANCE(""Currency:KRWEUR""),"""")))))))"),6.2) -> 6.2 | M46: ='Data in Local Currency'!F48 -> 1990 | N46: =IFERROR(__xludf.DUMMYFUNCTION("IF($D46=""Euro"",'Data in Local Currency'!G48, IF($D46=""Dolar"",'Data in Local Currency'!G48*GOOGLEFINANCE(""Currency:USDEUR""), IF($D46=""Franco Suíço"",'Data in Local Currency'!G48*GOOGLEFINANCE(""Currency:CHFEUR""), IF($D46=""Libra Esterlina"", 'Data "&"in Local Currency'!G48*GOOGLEFINANCE(""Currency:GBPEUR""), IF($D46=""Iene"",'Data in Local Currency'!G48*GOOGLEFINANCE(""Currency:JPYEUR""), IF($D46=""HKD"",'Data in Local Currency'!G48*GOOGLEFINANCE(""Currency:HKDEUR""), IF($D46=""KRW"",'Data in Local Cu"&"rrency'!G48*GOOGLEFINANCE(""Currency:KRWEUR""),"""")))))))"),24.51) -> 24.51 | O46: 26 | P46: 100.52 | R46: Sim | S46: 5
